{
    "name": "root",
    "gauges": {
        "BehaviorTest.Policy.Entropy.mean": {
            "value": 1.5433123111724854,
            "min": 1.5383261442184448,
            "max": 2.307605743408203,
            "count": 41
        },
        "BehaviorTest.Policy.Entropy.sum": {
            "value": 184456.6875,
            "min": 184456.6875,
            "max": 286143.125,
            "count": 41
        },
        "BehaviorTest.Environment.EpisodeLength.mean": {
            "value": 116.39682539682539,
            "min": 34.086398131932285,
            "max": 175.3068181818182,
            "count": 41
        },
        "BehaviorTest.Environment.EpisodeLength.sum": {
            "value": 117328.0,
            "min": 99230.0,
            "max": 123888.0,
            "count": 41
        },
        "BehaviorTest.Environment.LessonNumber.my_environment_parameter.mean": {
            "value": 3.0,
            "min": 0.0,
            "max": 3.0,
            "count": 41
        },
        "BehaviorTest.Environment.LessonNumber.my_environment_parameter.sum": {
            "value": 3.0,
            "min": 0.0,
            "max": 3.0,
            "count": 41
        },
        "BehaviorTest.Self-play.ELO.mean": {
            "value": 1211.451542186809,
            "min": 1132.7566071670853,
            "max": 1259.5687489984148,
            "count": 41
        },
        "BehaviorTest.Self-play.ELO.sum": {
            "value": 610571.5772621518,
            "min": 440132.18313192925,
            "max": 2147253.8533823523,
            "count": 41
        },
        "BehaviorTest.Step.mean": {
            "value": 2459961.0,
            "min": 59955.0,
            "max": 2459961.0,
            "count": 41
        },
        "BehaviorTest.Step.sum": {
            "value": 2459961.0,
            "min": 59955.0,
            "max": 2459961.0,
            "count": 41
        },
        "BehaviorTest.Policy.ExtrinsicValueEstimate.mean": {
            "value": 2.548976182937622,
            "min": -1.369410514831543,
            "max": 4.206761360168457,
            "count": 41
        },
        "BehaviorTest.Policy.ExtrinsicValueEstimate.sum": {
            "value": 3040.9287109375,
            "min": -2251.310791015625,
            "max": 8131.669921875,
            "count": 41
        },
        "BehaviorTest.Policy.CuriosityValueEstimate.mean": {
            "value": 0.5029498338699341,
            "min": -0.12310637533664703,
            "max": 0.8119217753410339,
            "count": 41
        },
        "BehaviorTest.Policy.CuriosityValueEstimate.sum": {
            "value": 600.0191650390625,
            "min": -249.53662109375,
            "max": 1131.8189697265625,
            "count": 41
        },
        "BehaviorTest.Environment.CumulativeReward.mean": {
            "value": 3.8843742019378715,
            "min": -2.890813353576489,
            "max": 4.759274351019969,
            "count": 41
        },
        "BehaviorTest.Environment.CumulativeReward.sum": {
            "value": 1961.608971978625,
            "min": -4448.9617511542165,
            "max": 7452.6386764325725,
            "count": 41
        },
        "BehaviorTest.Policy.ExtrinsicReward.mean": {
            "value": 3.8843742019378715,
            "min": -2.890813353576489,
            "max": 4.759274351019969,
            "count": 41
        },
        "BehaviorTest.Policy.ExtrinsicReward.sum": {
            "value": 1961.608971978625,
            "min": -4448.9617511542165,
            "max": 7452.6386764325725,
            "count": 41
        },
        "BehaviorTest.Policy.CuriosityReward.mean": {
            "value": 0.5565543530928432,
            "min": 0.13757033091898332,
            "max": 0.5964063339642082,
            "count": 41
        },
        "BehaviorTest.Policy.CuriosityReward.sum": {
            "value": 281.0599483118858,
            "min": 162.19001528510125,
            "max": 611.1625710171647,
            "count": 41
        },
        "BehaviorTest.Losses.PolicyLoss.mean": {
            "value": 0.023715288693347245,
            "min": 0.0213058680536455,
            "max": 0.027184409010482746,
            "count": 41
        },
        "BehaviorTest.Losses.PolicyLoss.sum": {
            "value": 0.07114586608004174,
            "min": 0.049600904866929335,
            "max": 0.08155322703144824,
            "count": 41
        },
        "BehaviorTest.Losses.ValueLoss.mean": {
            "value": 1.1384991000096003,
            "min": 0.72579095893436,
            "max": 6.083332331975302,
            "count": 41
        },
        "BehaviorTest.Losses.ValueLoss.sum": {
            "value": 3.415497300028801,
            "min": 1.6293870280186336,
            "max": 18.249996995925905,
            "count": 41
        },
        "BehaviorTest.Policy.LearningRate.mean": {
            "value": 9.243096919000001e-06,
            "min": 9.243096919000001e-06,
            "max": 0.00029630682123105997,
            "count": 41
        },
        "BehaviorTest.Policy.LearningRate.sum": {
            "value": 2.7729290757e-05,
            "min": 2.7729290757e-05,
            "max": 0.00087047484984172,
            "count": 41
        },
        "BehaviorTest.Policy.Epsilon.mean": {
            "value": 0.10308100000000002,
            "min": 0.10308100000000002,
            "max": 0.19876894,
            "count": 41
        },
        "BehaviorTest.Policy.Epsilon.sum": {
            "value": 0.30924300000000005,
            "min": 0.21520575999999997,
            "max": 0.59015828,
            "count": 41
        },
        "BehaviorTest.Policy.Beta.mean": {
            "value": 0.0006258919000000001,
            "min": 0.0006258919000000001,
            "max": 0.019753911106,
            "count": 41
        },
        "BehaviorTest.Policy.Beta.sum": {
            "value": 0.0018776757000000005,
            "min": 0.0018776757000000005,
            "max": 0.05803264017200001,
            "count": 41
        },
        "BehaviorTest.Losses.CuriosityForwardLoss.mean": {
            "value": 0.23450068028436766,
            "min": 0.1402130350470543,
            "max": 2.920857898394267,
            "count": 41
        },
        "BehaviorTest.Losses.CuriosityForwardLoss.sum": {
            "value": 0.703502040853103,
            "min": 0.2959255206088225,
            "max": 5.841715796788534,
            "count": 41
        },
        "BehaviorTest.Losses.CuriosityInverseLoss.mean": {
            "value": 0.6488875389099121,
            "min": 0.6488875389099121,
            "max": 2.51444365978241,
            "count": 41
        },
        "BehaviorTest.Losses.CuriosityInverseLoss.sum": {
            "value": 1.9466626167297365,
            "min": 1.4302804201841355,
            "max": 7.3774682919184364,
            "count": 41
        },
        "BehaviorTest.IsTraining.mean": {
            "value": 1.0,
            "min": 1.0,
            "max": 1.0,
            "count": 41
        },
        "BehaviorTest.IsTraining.sum": {
            "value": 1.0,
            "min": 1.0,
            "max": 1.0,
            "count": 41
        }
    },
    "metadata": {
        "timer_format_version": "0.1.0",
        "start_time_seconds": "1732996387",
        "python_version": "3.10.1 (tags/v3.10.1:2cd268a, Dec  6 2021, 19:10:37) [MSC v.1929 64 bit (AMD64)]",
        "command_line_arguments": "C:\\Users\\roman\\Documents\\GitHub\\RLMLAgentsBachelorThesis\\venv\\Scripts\\mlagents-learn --torch-device cuda config/RL+Curiosity.yaml --run-id=RL+Curiosity(new_obs2) --force",
        "mlagents_version": "1.1.0",
        "mlagents_envs_version": "1.1.0",
        "communication_protocol_version": "1.5.0",
        "pytorch_version": "2.5.1+cu118",
        "numpy_version": "1.23.5",
        "end_time_seconds": "1733001865"
    },
    "total": 5477.5628765,
    "count": 1,
    "self": 0.009412599998540827,