{"count":1,"self":14.750828799999999,"total":14.9242786,"children":{"InitializeActuators":{"count":4,"self":0.0019998999999999998,"total":0.0019998999999999998,"children":null},"InitializeSensors":{"count":4,"self":0.0025039999999999997,"total":0.0025039999999999997,"children":null},"AgentSendState":{"count":484,"self":0.0445017,"total":0.0762991,"children":{"CollectObservations":{"count":242,"self":0.0222072,"total":0.0222072,"children":null},"WriteActionMask":{"count":242,"self":0.0020028999999999997,"total":0.0020028999999999997,"children":null},"RequestDecision":{"count":242,"self":0.0045731999999999995,"total":0.0060874,"children":{"RayPerceptionSensor.Perceive":{"count":484,"self":0.0015141999999999998,"total":0.0015141999999999998,"children":null}}},"RayPerceptionSensor.Perceive":{"count":480,"self":0.0014999,"total":0.0014999,"children":null}}},"DecideAction":{"count":484,"self":0.0059778999999999995,"total":0.0059778999999999995,"children":null},"AgentAct":{"count":484,"self":0.085700699999999991,"total":0.085700699999999991,"children":null},"RayPerceptionSensor.Perceive":{"count":8,"self":0,"total":0,"children":null}},"gauges":{"BehaviorTest.CumulativeReward":{"count":2,"max":10.004,"min":-1.01050007,"runningAverage":4.49675,"value":-1.01050007,"weightedAverage":7.250375}},"metadata":{"timer_format_version":"0.1.0","start_time_seconds":"1733595891","unity_version":"2022.3.4f1","command_line_arguments":"C:\\Program Files\\Unity\\Hub\\Editor\\2022.3.4f1\\Editor\\Unity.exe -projectpath C:\\Users\\roman\\Documents\\GitHub\\RLMLAgentsBachelorThesis -useHub -hubIPC -cloudEnvironment production -licensingIpc LicenseClient-roman -hubSessionId 204652ca-cb35-41f1-b48c-f17b2cb15a45 -accessToken ING3TTVgjEkJjTUV1COHgTLN7LKo9Os6XfxmtnFEiv8006f","communication_protocol_version":"1.5.0","com.unity.ml-agents_version":"2.0.1","scene_name":"P","end_time_seconds":"1733595906"}}