{"count":1,"self":271.57683199999997,"total":282.01218209999996,"children":{"InitializeActuators":{"count":1,"self":0.0015007999999999998,"total":0.0015007999999999998,"children":null},"InitializeSensors":{"count":1,"self":0.0040114999999999994,"total":0.0040114999999999994,"children":null},"AgentSendState":{"count":13825,"self":0.3777869,"total":0.43300289999999997,"children":{"CollectObservations":{"count":2765,"self":0.0093864,"total":0.0093864,"children":null},"WriteActionMask":{"count":2765,"self":0.0119323,"total":0.0119323,"children":null},"RequestDecision":{"count":2765,"self":0.0338973,"total":0.0338973,"children":null}}},"DecideAction":{"count":13825,"self":8.4182031999999989,"total":8.4588359,"children":{"RayPerceptionSensor.Perceive":{"count":2765,"self":0.040632499999999995,"total":0.040632499999999995,"children":null}}},"AgentAct":{"count":13825,"self":1.5375041999999999,"total":1.5375041999999999,"children":null}},"gauges":{"BehaviorTest.CumulativeReward":{"count":35,"max":9.997846,"min":9.752567,"runningAverage":9.95336,"value":9.974817,"weightedAverage":9.977558}},"metadata":{"timer_format_version":"0.1.0","start_time_seconds":"1732240367","unity_version":"2022.3.4f1","command_line_arguments":"C:\\Program Files\\Unity\\Hub\\Editor\\2022.3.4f1\\Editor\\Unity.exe -projectpath C:\\Users\\roman\\Documents\\GitHub\\RLMLAgentsBachelorThesis -useHub -hubIPC -cloudEnvironment production -licensingIpc LicenseClient-roman -hubSessionId 136fc734-7b86-4129-a11b-ae6d92450f4c -accessToken QlHBm-DaDC1qrph6Ts3z5ocQD8mxYUsroOFJQoPLRBk006f","communication_protocol_version":"1.5.0","com.unity.ml-agents_version":"2.0.1","scene_name":"SampleScene","end_time_seconds":"1732240649"}}