{"count":1,"self":588.852992,"total":10876.2369122,"children":{"InitializeActuators":{"count":320,"self":0.0065264999999999993,"total":0.0065264999999999993,"children":null},"InitializeSensors":{"count":320,"self":0.010026199999999999,"total":0.010026199999999999,"children":null},"AgentSendState":{"count":251034,"self":853.00223999999992,"total":2139.1793502,"children":{"CollectObservations":{"count":10042400,"self":845.249024,"total":845.2490048,"children":null},"WriteActionMask":{"count":10042400,"self":25.0527488,"total":25.0527488,"children":null},"RequestDecision":{"count":10042400,"self":78.5750912,"total":414.84665379999996,"children":{"AgentInfo.ToProto":{"count":10042400,"self":57.5366272,"total":336.2715626,"children":{"GenerateSensorData":{"count":10042400,"self":193.63911679999998,"total":278.7349332,"children":{"RayPerceptionSensor.Perceive":{"count":20084800,"self":85.0958208,"total":85.0958179,"children":null}}}}}}},"RayPerceptionSensor.Perceive":{"count":251040,"self":1.0286868,"total":1.0286868,"children":null}}},"DecideAction":{"count":251034,"self":4673.298432,"total":4673.2983226,"children":null},"AgentAct":{"count":251034,"self":3467.0764031999997,"total":3468.4754313999997,"children":{"AgentInfo.ToProto":{"count":30070,"self":0.3602073,"total":1.3923067,"children":{"GenerateSensorData":{"count":30070,"self":0.7556299,"total":1.0320993999999999,"children":{"RayPerceptionSensor.Perceive":{"count":60140,"self":0.2764695,"total":0.2764695,"children":null}}}}},"RayPerceptionSensor.Perceive":{"count":736,"self":0.0065604,"total":0.0065604,"children":null}}},"AgentInfo.ToProto":{"count":130178,"self":1.8174282,"total":6.3995712,"children":{"GenerateSensorData":{"count":130178,"self":3.3075039999999998,"total":4.5821429999999994,"children":{"RayPerceptionSensor.Perceive":{"count":260356,"self":1.2746391,"total":1.2746391,"children":null}}}}},"RayPerceptionSensor.Perceive":{"count":3428,"self":0.013676299999999999,"total":0.013676299999999999,"children":null}},"gauges":{"BehaviorTest.CumulativeReward":{"count":160248,"max":10.1955,"min":-29.12793,"runningAverage":0.0759394,"value":-0.98825,"weightedAverage":4.120418}},"metadata":{"timer_format_version":"0.1.0","start_time_seconds":"1733109316","unity_version":"2022.3.4f1","command_line_arguments":"C:\\Program Files\\Unity\\Hub\\Editor\\2022.3.4f1\\Editor\\Unity.exe -projectpath C:\\Users\\roman\\Documents\\GitHub\\RLMLAgentsBachelorThesis -useHub -hubIPC -cloudEnvironment production -licensingIpc LicenseClient-roman -hubSessionId f0bacc8b-700e-422f-a12a-0ff078b505a6 -accessToken vZaT_ORnqgsFbWdwqE2DTau5vWs_bD904BSz5cHwsFQ006f","communication_protocol_version":"1.5.0","com.unity.ml-agents_version":"2.0.1","scene_name":"testScene","end_time_seconds":"1733120192"}}