{"count":1,"self":74.1193856,"total":1687.5907243,"children":{"InitializeActuators":{"count":80,"self":0.0020047999999999997,"total":0.0020047999999999997,"children":null},"InitializeSensors":{"count":80,"self":0.0045461999999999994,"total":0.0045461999999999994,"children":null},"AgentSendState":{"count":71834,"self":142.17900799999998,"total":424.12253039999996,"children":{"CollectObservations":{"count":957840,"self":80.1869504,"total":80.186952699999992,"children":null},"WriteActionMask":{"count":957840,"self":2.2933068,"total":2.2933067,"children":null},"RequestDecision":{"count":957840,"self":7.4847968,"total":199.4632591,"children":{"AgentInfo.ToProto":{"count":957840,"self":5.9612191999999995,"total":191.9784623,"children":{"GenerateSensorData":{"count":957840,"self":172.2890368,"total":186.0172432,"children":{"RayPerceptionSensor.Perceive":{"count":1915680,"self":13.728204799999999,"total":13.7282055,"children":null}}}}}}}}},"DecideAction":{"count":71834,"self":1177.1554816,"total":1177.1554337999999,"children":null},"AgentAct":{"count":71834,"self":11.8758576,"total":11.8758574,"children":null},"AgentInfo.ToProto":{"count":1364,"self":0.0185597,"total":0.3099629,"children":{"GenerateSensorData":{"count":1364,"self":0.2647519,"total":0.2914032,"children":{"RayPerceptionSensor.Perceive":{"count":2728,"self":0.0266513,"total":0.0266513,"children":null}}}}}},"gauges":{"BehaviorTest.CumulativeReward":{"count":1364,"max":25.9520035,"min":-380.2444,"runningAverage":-41.9122543,"value":-7.21523857,"weightedAverage":-25.058979}},"metadata":{"timer_format_version":"0.1.0","start_time_seconds":"1732673234","unity_version":"2022.3.4f1","command_line_arguments":"C:\\Program Files\\Unity\\Hub\\Editor\\2022.3.4f1\\Editor\\Unity.exe -projectpath C:\\Users\\roman\\Documents\\GitHub\\RLMLAgentsBachelorThesis -useHub -hubIPC -cloudEnvironment production -licensingIpc LicenseClient-roman -hubSessionId 6d322600-2711-4554-bbd1-5495acad0d48 -accessToken xQdS_pGgWhBd4uoQCQso6bXnjx-eIJtYZ2y3RO-Wwzg006f","communication_protocol_version":"1.5.0","com.unity.ml-agents_version":"2.0.1","scene_name":"testScene","end_time_seconds":"1732674922"}}