{"count":1,"self":161.767744,"total":2379.648607,"children":{"InitializeActuators":{"count":320,"self":0.0040046,"total":0.0040046,"children":null},"InitializeSensors":{"count":320,"self":0.0095403,"total":0.0095403,"children":null},"AgentSendState":{"count":65351,"self":210.74323199999998,"total":325.53524519999996,"children":{"CollectObservations":{"count":2614240,"self":8.7410552,"total":8.7410553,"children":null},"WriteActionMask":{"count":2614240,"self":5.9956584,"total":5.9956581999999994,"children":null},"RequestDecision":{"count":2614240,"self":19.0501008,"total":100.05530449999999,"children":{"AgentInfo.ToProto":{"count":2614240,"self":14.866859199999999,"total":81.0052043,"children":{"GenerateSensorData":{"count":2614240,"self":46.0489696,"total":66.1383455,"children":{"RayPerceptionSensor.Perceive":{"count":5228480,"self":20.089375999999998,"total":20.089375699999998,"children":null}}}}}}}}},"DecideAction":{"count":65351,"self":1010.1016576,"total":1010.1016877999999,"children":null},"AgentAct":{"count":65351,"self":880.484864,"total":880.5199139,"children":{"AgentInfo.ToProto":{"count":732,"self":0.0070019999999999995,"total":0.0350044,"children":{"GenerateSensorData":{"count":732,"self":0.0194827,"total":0.0280024,"children":{"RayPerceptionSensor.Perceive":{"count":1464,"self":0.0085197,"total":0.0085197,"children":null}}}}}}},"AgentInfo.ToProto":{"count":34160,"self":0.48083699999999996,"total":1.7094696999999999,"children":{"GenerateSensorData":{"count":34160,"self":0.87590439999999992,"total":1.2286327,"children":{"RayPerceptionSensor.Perceive":{"count":68320,"self":0.3527283,"total":0.3527283,"children":null}}}}}},"gauges":{"BehaviorTest.CumulativeReward":{"count":34892,"max":10.2929964,"min":-20.240118,"runningAverage":2.08764362,"value":-0.9944999,"weightedAverage":4.352836}},"metadata":{"timer_format_version":"0.1.0","start_time_seconds":"1732908416","unity_version":"2022.3.4f1","command_line_arguments":"C:\\Program Files\\Unity\\Hub\\Editor\\2022.3.4f1\\Editor\\Unity.exe -projectpath C:\\Users\\roman\\Documents\\GitHub\\RLMLAgentsBachelorThesis -useHub -hubIPC -cloudEnvironment production -licensingIpc LicenseClient-roman -hubSessionId 9252d4fb-908c-4aa3-a924-69573f7f2115 -accessToken tnvdQfODHHEFgjK-w4FplX4NjwL-sd-bRIESUHPk_a0006f","communication_protocol_version":"1.5.0","com.unity.ml-agents_version":"2.0.1","scene_name":"testScene","end_time_seconds":"1732910796"}}