{"count":1,"self":37.352009599999995,"total":523.031089,"children":{"InitializeActuators":{"count":320,"self":0.0067075999999999993,"total":0.0067075999999999993,"children":null},"InitializeSensors":{"count":320,"self":0.0060135,"total":0.0060135,"children":null},"AgentSendState":{"count":13401,"self":46.843328,"total":70.574043199999991,"children":{"CollectObservations":{"count":536160,"self":1.6489764,"total":1.6489764,"children":null},"WriteActionMask":{"count":536160,"self":1.1804694,"total":1.1804694,"children":null},"RequestDecision":{"count":536160,"self":3.9408672,"total":20.901268299999998,"children":{"AgentInfo.ToProto":{"count":536160,"self":3.048038,"total":16.9604012,"children":{"GenerateSensorData":{"count":536160,"self":9.5255295999999987,"total":13.9123632,"children":{"RayPerceptionSensor.Perceive":{"count":1072320,"self":4.3868336,"total":4.3868336999999995,"children":null}}}}}}}}},"DecideAction":{"count":13401,"self":221.99242239999998,"total":221.99242339999998,"children":null},"AgentAct":{"count":13401,"self":192.9243392,"total":192.9418092,"children":{"AgentInfo.ToProto":{"count":390,"self":0.0045134,"total":0.0174637,"children":{"GenerateSensorData":{"count":390,"self":0.0099654,"total":0.0129503,"children":{"RayPerceptionSensor.Perceive":{"count":780,"self":0.0029849,"total":0.0029849,"children":null}}}}}}},"AgentInfo.ToProto":{"count":2992,"self":0.037584099999999995,"total":0.1570769,"children":{"GenerateSensorData":{"count":2992,"self":0.0903939,"total":0.1194928,"children":{"RayPerceptionSensor.Perceive":{"count":5984,"self":0.029098899999999997,"total":0.029098899999999997,"children":null}}}}}},"gauges":{"BehaviorTest.CumulativeReward":{"count":3382,"max":10.2879963,"min":-11.2123833,"runningAverage":3.05758452,"value":10.0395,"weightedAverage":4.4634676}},"metadata":{"timer_format_version":"0.1.0","start_time_seconds":"1732851108","unity_version":"2022.3.4f1","command_line_arguments":"C:\\Program Files\\Unity\\Hub\\Editor\\2022.3.4f1\\Editor\\Unity.exe -projectpath C:\\Users\\roman\\Documents\\GitHub\\RLMLAgentsBachelorThesis -useHub -hubIPC -cloudEnvironment production -licensingIpc LicenseClient-roman -hubSessionId e5ac97fe-ea09-4dc1-91b2-2ad912a31605 -accessToken _uKcD-UIG6hGKO9DTiW-HaHyndkSHOp1vGVKl49Re24006f","communication_protocol_version":"1.5.0","com.unity.ml-agents_version":"2.0.1","scene_name":"testScene","end_time_seconds":"1732851631"}}