{"count":1,"self":542.5488384,"total":9838.2770004,"children":{"InitializeActuators":{"count":320,"self":0.005012,"total":0.005012,"children":null},"InitializeSensors":{"count":320,"self":0.0070256,"total":0.0070256,"children":null},"AgentSendState":{"count":251067,"self":833.120512,"total":2110.4122841,"children":{"CollectObservations":{"count":10043680,"self":836.83947519999992,"total":836.83949409999991,"children":null},"WriteActionMask":{"count":10043680,"self":24.719779199999998,"total":24.7197785,"children":null},"RequestDecision":{"count":10043680,"self":79.701472,"total":414.73115129999996,"children":{"AgentInfo.ToProto":{"count":10043680,"self":59.557068799999996,"total":335.029678,"children":{"GenerateSensorData":{"count":10043680,"self":193.21761279999998,"total":275.472609,"children":{"RayPerceptionSensor.Perceive":{"count":20087360,"self":82.2549952,"total":82.2549966,"children":null}}}}}}},"RayPerceptionSensor.Perceive":{"count":251072,"self":1.0013699,"total":1.0013699,"children":null}}},"DecideAction":{"count":251067,"self":3767.1649279999997,"total":3767.1647669999998,"children":null},"AgentAct":{"count":251067,"self":3410.9884416,"total":3412.2872413,"children":{"AgentInfo.ToProto":{"count":28072,"self":0.3257161,"total":1.2962219,"children":{"GenerateSensorData":{"count":28072,"self":0.70079419999999992,"total":0.9705058,"children":{"RayPerceptionSensor.Perceive":{"count":56144,"self":0.2697116,"total":0.2697116,"children":null}}}}},"RayPerceptionSensor.Perceive":{"count":768,"self":0.0025098,"total":0.0025098,"children":null}}},"AgentInfo.ToProto":{"count":117872,"self":1.6239736999999999,"total":5.8431606,"children":{"GenerateSensorData":{"count":117872,"self":3.08942,"total":4.2191868999999995,"children":{"RayPerceptionSensor.Perceive":{"count":235744,"self":1.1297667999999998,"total":1.1297667999999998,"children":null}}}}},"RayPerceptionSensor.Perceive":{"count":2812,"self":0.0076780999999999993,"total":0.0076780999999999993,"children":null}},"gauges":{"BehaviorTest.CumulativeReward":{"count":145944,"max":10.20575,"min":-27.0277348,"runningAverage":0.234423265,"value":9.937753,"weightedAverage":3.72268462}},"metadata":{"timer_format_version":"0.1.0","start_time_seconds":"1733334030","unity_version":"2022.3.4f1","command_line_arguments":"C:\\Program Files\\Unity\\Hub\\Editor\\2022.3.4f1\\Editor\\Unity.exe -projectpath C:\\Users\\roman\\Documents\\GitHub\\RLMLAgentsBachelorThesis -useHub -hubIPC -cloudEnvironment production -licensingIpc LicenseClient-roman -hubSessionId ba5ac954-eae9-4d96-89ef-8dc6a6ab4120 -accessToken HcEHZbFiGmGaKT44Cn8khFUdwx0M6ZHSrWiPIL_6zk8006f","communication_protocol_version":"1.5.0","com.unity.ml-agents_version":"2.0.1","scene_name":"trainingScene","end_time_seconds":"1733343869"}}