{
    "name": "root",
    "gauges": {
        "BehaviorTest.Policy.Entropy.mean": {
            "value": 1.7057791948318481,
            "min": 1.7057791948318481,
            "max": 1.7586628198623657,
            "count": 11
        },
        "BehaviorTest.Policy.Entropy.sum": {
            "value": 204966.421875,
            "min": 204966.421875,
            "max": 214521.40625,
            "count": 11
        },
        "BehaviorTest.Environment.LessonNumber.my_environment_parameter.mean": {
            "value": 3.0,
            "min": 3.0,
            "max": 3.0,
            "count": 11
        },
        "BehaviorTest.Environment.LessonNumber.my_environment_parameter.sum": {
            "value": 3.0,
            "min": 3.0,
            "max": 3.0,
            "count": 11
        },
        "BehaviorTest.Environment.EpisodeLength.mean": {
            "value": 177.72058823529412,
            "min": 146.1578947368421,
            "max": 183.16666666666666,
            "count": 11
        },
        "BehaviorTest.Environment.EpisodeLength.sum": {
            "value": 120850.0,
            "min": 99972.0,
            "max": 124470.0,
            "count": 11
        },
        "BehaviorTest.Self-play.ELO.mean": {
            "value": 1380.6109537608804,
            "min": 1359.1542353966424,
            "max": 1380.6109537608804,
            "count": 11
        },
        "BehaviorTest.Self-play.ELO.sum": {
            "value": 469407.7242786994,
            "min": 417926.1792011921,
            "max": 521743.9686645424,
            "count": 11
        },
        "BehaviorTest.Step.mean": {
            "value": 2459963.0,
            "min": 1859948.0,
            "max": 2459963.0,
            "count": 11
        },
        "BehaviorTest.Step.sum": {
            "value": 2459963.0,
            "min": 1859948.0,
            "max": 2459963.0,
            "count": 11
        },
        "BehaviorTest.Policy.ExtrinsicValueEstimate.mean": {
            "value": 1.7218928337097168,
            "min": 1.4419502019882202,
            "max": 1.947137713432312,
            "count": 11
        },
        "BehaviorTest.Policy.ExtrinsicValueEstimate.sum": {
            "value": 1900.9697265625,
            "min": 1570.2838134765625,
            "max": 2155.4814453125,
            "count": 11
        },
        "BehaviorTest.Policy.CuriosityValueEstimate.mean": {
            "value": 0.18985673785209656,
            "min": 0.18985673785209656,
            "max": 0.23332199454307556,
            "count": 11
        },
        "BehaviorTest.Policy.CuriosityValueEstimate.sum": {
            "value": 209.60183715820312,
            "min": 209.60183715820312,
            "max": 258.2874450683594,
            "count": 11
        },
        "BehaviorTest.Environment.CumulativeReward.mean": {
            "value": 3.9358947954546344,
            "min": 2.8586520372160806,
            "max": 4.416848371857093,
            "count": 11
        },
        "BehaviorTest.Environment.CumulativeReward.sum": {
            "value": 1338.2042304545757,
            "min": 977.6589967278996,
            "max": 1682.8192296775524,
            "count": 11
        },
        "BehaviorTest.Policy.ExtrinsicReward.mean": {
            "value": 3.9358947954546344,
            "min": 2.8586520372160806,
            "max": 4.416848371857093,
            "count": 11
        },
        "BehaviorTest.Policy.ExtrinsicReward.sum": {
            "value": 1338.2042304545757,
            "min": 977.6589967278996,
            "max": 1682.8192296775524,
            "count": 11
        },
        "BehaviorTest.Policy.CuriosityReward.mean": {
            "value": 0.3453217489028569,
            "min": 0.20694632332721638,
            "max": 0.4236371398759868,
            "count": 11
        },
        "BehaviorTest.Policy.CuriosityReward.sum": {
            "value": 117.40939462697133,
            "min": 70.775642577908,
            "max": 144.88390183758747,
            "count": 11
        },
        "BehaviorTest.Losses.PolicyLoss.mean": {
            "value": 0.023941750633659668,
            "min": 0.02323409855097351,
            "max": 0.02748097392403805,
            "count": 11
        },
        "BehaviorTest.Losses.PolicyLoss.sum": {
            "value": 0.071825251900979,
            "min": 0.04889891774073476,
            "max": 0.08244292177211415,
            "count": 11
        },
        "BehaviorTest.Losses.ValueLoss.mean": {
            "value": 0.8642253908846113,
            "min": 0.7383271959092882,
            "max": 1.0079120457172392,
            "count": 11
        },
        "BehaviorTest.Losses.ValueLoss.sum": {
            "value": 2.592676172653834,
            "min": 1.7821965406338376,
            "max": 3.023736137151718,
            "count": 11
        },
        "BehaviorTest.Policy.LearningRate.mean": {
            "value": 7.540297486600007e-06,
            "min": 7.540297486600007e-06,
            "max": 8.030425323194e-05,
            "count": 11
        },
        "BehaviorTest.Policy.LearningRate.sum": {
            "value": 2.262089245980002e-05,
            "min": 2.262089245980002e-05,
            "max": 0.00022243786585411998,
            "count": 11
        },
        "BehaviorTest.Policy.Epsilon.mean": {
            "value": 0.10251339999999999,
            "min": 0.10251339999999999,
            "max": 0.12676806000000002,
            "count": 11
        },
        "BehaviorTest.Policy.Epsilon.sum": {
            "value": 0.3075402,
            "min": 0.25353612000000003,
            "max": 0.3741458800000001,
            "count": 11
        },
        "BehaviorTest.Policy.Beta.mean": {
            "value": 0.0005124286600000006,
            "min": 0.0005124286600000006,
            "max": 0.005360935193999999,
            "count": 11
        },
        "BehaviorTest.Policy.Beta.sum": {
            "value": 0.0015372859800000017,
            "min": 0.0015372859800000017,
            "max": 0.014851761412000002,
            "count": 11
        },
        "BehaviorTest.Losses.CuriosityForwardLoss.mean": {
            "value": 0.09663415989942022,
            "min": 0.09663415989942022,
            "max": 0.12076305697361628,
            "count": 11
        },
        "BehaviorTest.Losses.CuriosityForwardLoss.sum": {
            "value": 0.28990247969826066,
            "min": 0.24152611394723256,
            "max": 0.3461688950657844,
            "count": 11
        },
        "BehaviorTest.Losses.CuriosityInverseLoss.mean": {
            "value": 1.2154415203465356,
            "min": 1.2154415203465356,
            "max": 1.3146905899047852,
            "count": 11
        },
        "BehaviorTest.Losses.CuriosityInverseLoss.sum": {
            "value": 3.6463245610396067,
            "min": 2.5868807315826414,
            "max": 3.9440717697143555,
            "count": 11
        },
        "BehaviorTest.IsTraining.mean": {
            "value": 1.0,
            "min": 1.0,
            "max": 1.0,
            "count": 11
        },
        "BehaviorTest.IsTraining.sum": {
            "value": 1.0,
            "min": 1.0,
            "max": 1.0,
            "count": 11
        }
    },
    "metadata": {
        "timer_format_version": "0.1.0",
        "start_time_seconds": "1732988435",
        "python_version": "3.10.1 (tags/v3.10.1:2cd268a, Dec  6 2021, 19:10:37) [MSC v.1929 64 bit (AMD64)]",
        "command_line_arguments": "C:\\Users\\roman\\Documents\\GitHub\\RLMLAgentsBachelorThesis\\venv\\Scripts\\mlagents-learn --torch-device cuda config/RL+Curiosity.yaml --run-id=RL+Curiosity --resume",
        "mlagents_version": "1.1.0",
        "mlagents_envs_version": "1.1.0",
        "communication_protocol_version": "1.5.0",
        "pytorch_version": "2.5.1+cu118",
        "numpy_version": "1.23.5",
        "end_time_seconds": "1732989854"
    },
    "total": 1418.2345533000002,
    "count": 1,
    "self": 0.009842800000114948,