{
    "name": "root",
    "gauges": {
        "BehaviorTest.Policy.Entropy.mean": {
            "value": 1.5870070457458496,
            "min": 1.5870070457458496,
            "max": 2.3183512687683105,
            "count": 83
        },
        "BehaviorTest.Policy.Entropy.sum": {
            "value": 190694.765625,
            "min": 190598.515625,
            "max": 282653.375,
            "count": 83
        },
        "BehaviorTest.Environment.EpisodeLength.mean": {
            "value": 107.12996389891697,
            "min": 16.24490381854723,
            "max": 206.5,
            "count": 83
        },
        "BehaviorTest.Environment.EpisodeLength.sum": {
            "value": 118700.0,
            "min": 98682.0,
            "max": 123850.0,
            "count": 83
        },
        "BehaviorTest.Environment.LessonNumber.my_environment_parameter.mean": {
            "value": 3.0,
            "min": 0.0,
            "max": 3.0,
            "count": 83
        },
        "BehaviorTest.Environment.LessonNumber.my_environment_parameter.sum": {
            "value": 3.0,
            "min": 0.0,
            "max": 3.0,
            "count": 83
        },
        "BehaviorTest.Self-play.ELO.mean": {
            "value": 917.6920990297242,
            "min": 914.0725219643656,
            "max": 1174.9675121611974,
            "count": 83
        },
        "BehaviorTest.Self-play.ELO.sum": {
            "value": 508401.42286246724,
            "min": 300148.1372881423,
            "max": 3829815.1032213066,
            "count": 83
        },
        "BehaviorTest.Step.mean": {
            "value": 4979958.0,
            "min": 59992.0,
            "max": 4979958.0,
            "count": 83
        },
        "BehaviorTest.Step.sum": {
            "value": 4979958.0,
            "min": 59992.0,
            "max": 4979958.0,
            "count": 83
        },
        "BehaviorTest.Policy.ExtrinsicValueEstimate.mean": {
            "value": 2.039515733718872,
            "min": -5.027196884155273,
            "max": 3.1390697956085205,
            "count": 83
        },
        "BehaviorTest.Policy.ExtrinsicValueEstimate.sum": {
            "value": 2465.7744140625,
            "min": -14900.611328125,
            "max": 5201.4384765625,
            "count": 83
        },
        "BehaviorTest.Policy.CuriosityValueEstimate.mean": {
            "value": 0.30154773592948914,
            "min": 0.17239296436309814,
            "max": 0.5984433889389038,
            "count": 83
        },
        "BehaviorTest.Policy.CuriosityValueEstimate.sum": {
            "value": 364.57122802734375,
            "min": 352.78228759765625,
            "max": 1376.57861328125,
            "count": 83
        },
        "BehaviorTest.Environment.CumulativeReward.mean": {
            "value": 3.383046871117175,
            "min": -6.675835305387833,
            "max": 4.161784193884008,
            "count": 83
        },
        "BehaviorTest.Environment.CumulativeReward.sum": {
            "value": 1874.207966598915,
            "min": -23231.90686274966,
            "max": 4602.794830933475,
            "count": 83
        },
        "BehaviorTest.Policy.ExtrinsicReward.mean": {
            "value": 3.383046871117175,
            "min": -6.675835305387833,
            "max": 4.161784193884008,
            "count": 83
        },
        "BehaviorTest.Policy.ExtrinsicReward.sum": {
            "value": 1874.207966598915,
            "min": -23231.90686274966,
            "max": 4602.794830933475,
            "count": 83
        },
        "BehaviorTest.Policy.CuriosityReward.mean": {
            "value": 0.3301712488572503,
            "min": 0.06152627341670391,
            "max": 1.1919515201498379,
            "count": 83
        },
        "BehaviorTest.Policy.CuriosityReward.sum": {
            "value": 182.91487186691666,
            "min": 118.78306524344953,
            "max": 625.382002326427,
            "count": 83
        },
        "BehaviorTest.Losses.PolicyLoss.mean": {
            "value": 0.02757586299655183,
            "min": 0.020230799117497453,
            "max": 0.028106780369125773,
            "count": 83
        },
        "BehaviorTest.Losses.PolicyLoss.sum": {
            "value": 0.08272758898965549,
            "min": 0.0469012996632955,
            "max": 0.08432034110737732,
            "count": 83
        },
        "BehaviorTest.Losses.ValueLoss.mean": {
            "value": 1.3300611191325717,
            "min": 0.7237885920537842,
            "max": 7.013521500428518,
            "count": 83
        },
        "BehaviorTest.Losses.ValueLoss.sum": {
            "value": 3.9901833573977155,
            "min": 1.728056495388349,
            "max": 18.207188097635907,
            "count": 83
        },
        "BehaviorTest.Policy.LearningRate.mean": {
            "value": 3.0390389870200007e-06,
            "min": 3.0390389870200007e-06,
            "max": 0.00029815377061541003,
            "count": 83
        },
        "BehaviorTest.Policy.LearningRate.sum": {
            "value": 9.117116961060002e-06,
            "min": 9.117116961060002e-06,
            "max": 0.00088523406492198,
            "count": 83
        },
        "BehaviorTest.Policy.Epsilon.mean": {
            "value": 0.10101297999999999,
            "min": 0.10101297999999999,
            "max": 0.19938458999999997,
            "count": 83
        },
        "BehaviorTest.Policy.Epsilon.sum": {
            "value": 0.30303894,
            "min": 0.21638924,
            "max": 0.5950780200000001,
            "count": 83
        },
        "BehaviorTest.Policy.Beta.mean": {
            "value": 0.00021249470200000015,
            "min": 0.00021249470200000015,
            "max": 0.019876979541,
            "count": 83
        },
        "BehaviorTest.Policy.Beta.sum": {
            "value": 0.0006374841060000005,
            "min": 0.0006374841060000005,
            "max": 0.059016096197999995,
            "count": 83
        },
        "BehaviorTest.Losses.CuriosityForwardLoss.mean": {
            "value": 0.15078985964258512,
            "min": 0.09993302536507448,
            "max": 2.419300059725841,
            "count": 83
        },
        "BehaviorTest.Losses.CuriosityForwardLoss.sum": {
            "value": 0.45236957892775537,
            "min": 0.20348419037957988,
            "max": 4.838600119451682,
            "count": 83
        },
        "BehaviorTest.Losses.CuriosityInverseLoss.mean": {
            "value": 0.29803837421867585,
            "min": 0.29803837421867585,
            "max": 2.50620171825091,
            "count": 83
        },
        "BehaviorTest.Losses.CuriosityInverseLoss.sum": {
            "value": 0.8941151226560276,
            "min": 0.6726889138420422,
            "max": 7.24038382768631,
            "count": 83
        },
        "BehaviorTest.IsTraining.mean": {
            "value": 1.0,
            "min": 1.0,
            "max": 1.0,
            "count": 83
        },
        "BehaviorTest.IsTraining.sum": {
            "value": 1.0,
            "min": 1.0,
            "max": 1.0,
            "count": 83
        }
    },
    "metadata": {
        "timer_format_version": "0.1.0",
        "start_time_seconds": "1733109296",
        "python_version": "3.10.1 (tags/v3.10.1:2cd268a, Dec  6 2021, 19:10:37) [MSC v.1929 64 bit (AMD64)]",
        "command_line_arguments": "C:\\Users\\roman\\Documents\\GitHub\\RLMLAgentsBachelorThesis\\venv\\Scripts\\mlagents-learn --torch-device cuda config/RL+Curiosity.yaml --run-id=RL+Curiosity --force",
        "mlagents_version": "1.1.0",
        "mlagents_envs_version": "1.1.0",
        "communication_protocol_version": "1.5.0",
        "pytorch_version": "2.5.1+cu118",
        "numpy_version": "1.23.5",
        "end_time_seconds": "1733120192"
    },
    "total": 10896.5778842,
    "count": 1,
    "self": 0.0108069000125397,