{
    "name": "root",
    "gauges": {
        "BehaviorTest.Policy.Entropy.mean": {
            "value": 1.3930567502975464,
            "min": 1.3930567502975464,
            "max": 1.426257610321045,
            "count": 8
        },
        "BehaviorTest.Policy.Entropy.sum": {
            "value": 168058.359375,
            "min": 118651.0859375,
            "max": 172291.921875,
            "count": 8
        },
        "BehaviorTest.Environment.EpisodeLength.mean": {
            "value": 127.16352201257861,
            "min": 93.42559523809524,
            "max": 130.87954545454545,
            "count": 8
        },
        "BehaviorTest.Environment.EpisodeLength.sum": {
            "value": 121314.0,
            "min": 62782.0,
            "max": 122896.0,
            "count": 8
        },
        "BehaviorTest.Environment.LessonNumber.my_environment_parameter.mean": {
            "value": 3.0,
            "min": 3.0,
            "max": 3.0,
            "count": 8
        },
        "BehaviorTest.Environment.LessonNumber.my_environment_parameter.sum": {
            "value": 3.0,
            "min": 3.0,
            "max": 3.0,
            "count": 8
        },
        "BehaviorTest.Self-play.ELO.mean": {
            "value": 920.0039956692004,
            "min": 920.0039956692004,
            "max": 941.9365401917617,
            "count": 8
        },
        "BehaviorTest.Self-play.ELO.sum": {
            "value": 438841.9059342086,
            "min": 316490.6775044319,
            "max": 460199.16598998435,
            "count": 8
        },
        "BehaviorTest.Step.mean": {
            "value": 3959992.0,
            "min": 3539954.0,
            "max": 3959992.0,
            "count": 8
        },
        "BehaviorTest.Step.sum": {
            "value": 3959992.0,
            "min": 3539954.0,
            "max": 3959992.0,
            "count": 8
        },
        "BehaviorTest.Policy.ExtrinsicValueEstimate.mean": {
            "value": 1.679916501045227,
            "min": 1.679916501045227,
            "max": 1.9720864295959473,
            "count": 8
        },
        "BehaviorTest.Policy.ExtrinsicValueEstimate.sum": {
            "value": 1982.301513671875,
            "min": 1565.836669921875,
            "max": 2298.52001953125,
            "count": 8
        },
        "BehaviorTest.Policy.CuriosityValueEstimate.mean": {
            "value": 0.2636316418647766,
            "min": 0.2636316418647766,
            "max": 0.33671095967292786,
            "count": 8
        },
        "BehaviorTest.Policy.CuriosityValueEstimate.sum": {
            "value": 311.0853271484375,
            "min": 267.3485107421875,
            "max": 368.58074951171875,
            "count": 8
        },
        "BehaviorTest.Environment.CumulativeReward.mean": {
            "value": 3.3215414246285855,
            "min": 2.9375293238509377,
            "max": 3.59117079712298,
            "count": 8
        },
        "BehaviorTest.Environment.CumulativeReward.sum": {
            "value": 1581.0537181232066,
            "min": 1116.762481357262,
            "max": 1644.7562250823248,
            "count": 8
        },
        "BehaviorTest.Policy.ExtrinsicReward.mean": {
            "value": 3.3215414246285855,
            "min": 2.9375293238509377,
            "max": 3.59117079712298,
            "count": 8
        },
        "BehaviorTest.Policy.ExtrinsicReward.sum": {
            "value": 1581.0537181232066,
            "min": 1116.762481357262,
            "max": 1644.7562250823248,
            "count": 8
        },
        "BehaviorTest.Policy.CuriosityReward.mean": {
            "value": 0.37270165388394116,
            "min": 0.12510698140803947,
            "max": 0.4209121909967571,
            "count": 8
        },
        "BehaviorTest.Policy.CuriosityReward.sum": {
            "value": 177.405987248756,
            "min": 42.03594575310126,
            "max": 201.54101931245532,
            "count": 8
        },
        "BehaviorTest.Losses.PolicyLoss.mean": {
            "value": 0.025430168745596244,
            "min": 0.023110611617125364,
            "max": 0.029051841358806188,
            "count": 8
        },
        "BehaviorTest.Losses.PolicyLoss.sum": {
            "value": 0.07629050623678874,
            "min": 0.023504728452826383,
            "max": 0.08715552407641856,
            "count": 8
        },
        "BehaviorTest.Losses.ValueLoss.mean": {
            "value": 1.1888628380166162,
            "min": 1.0969613505734337,
            "max": 1.2257870415846508,
            "count": 8
        },
        "BehaviorTest.Losses.ValueLoss.sum": {
            "value": 3.5665885140498483,
            "min": 1.217483056584994,
            "max": 3.6773611247539524,
            "count": 8
        },
        "BehaviorTest.Policy.LearningRate.mean": {
            "value": 5.151448282883343e-06,
            "min": 5.151448282883343e-06,
            "max": 3.5958463013875006e-05,
            "count": 8
        },
        "BehaviorTest.Policy.LearningRate.sum": {
            "value": 1.5454344848650027e-05,
            "min": 1.5454344848650027e-05,
            "max": 9.863464212187499e-05,
            "count": 8
        },
        "BehaviorTest.Policy.Epsilon.mean": {
            "value": 0.10171711666666668,
            "min": 0.10171711666666668,
            "max": 0.11198612499999999,
            "count": 8
        },
        "BehaviorTest.Policy.Epsilon.sum": {
            "value": 0.30515135000000004,
            "min": 0.11198612499999999,
            "max": 0.332878125,
            "count": 8
        },
        "BehaviorTest.Policy.Beta.mean": {
            "value": 0.0003532516216666675,
            "min": 0.0003532516216666675,
            "max": 0.0024060263875000016,
            "count": 8
        },
        "BehaviorTest.Policy.Beta.sum": {
            "value": 0.0010597548650000024,
            "min": 0.0010597548650000024,
            "max": 0.0066023371875000006,
            "count": 8
        },
        "BehaviorTest.Losses.CuriosityForwardLoss.mean": {
            "value": 0.14506552972727352,
            "min": 0.14506552972727352,
            "max": 0.1893770103653272,
            "count": 8
        },
        "BehaviorTest.Losses.CuriosityForwardLoss.sum": {
            "value": 0.4351965891818206,
            "min": 0.1893770103653272,
            "max": 0.4922812906404337,
            "count": 8
        },
        "BehaviorTest.Losses.CuriosityInverseLoss.mean": {
            "value": 0.24934489867753454,
            "min": 0.24379716060227818,
            "max": 0.33122878819704055,
            "count": 8
        },
        "BehaviorTest.Losses.CuriosityInverseLoss.sum": {
            "value": 0.7480346960326036,
            "min": 0.33122878819704055,
            "max": 0.8550697604815166,
            "count": 8
        },
        "BehaviorTest.IsTraining.mean": {
            "value": 1.0,
            "min": 1.0,
            "max": 1.0,
            "count": 8
        },
        "BehaviorTest.IsTraining.sum": {
            "value": 1.0,
            "min": 1.0,
            "max": 1.0,
            "count": 8
        }
    },
    "metadata": {
        "timer_format_version": "0.1.0",
        "start_time_seconds": "1733021523",
        "python_version": "3.10.1 (tags/v3.10.1:2cd268a, Dec  6 2021, 19:10:37) [MSC v.1929 64 bit (AMD64)]",
        "command_line_arguments": "C:\\Users\\roman\\Documents\\GitHub\\RLMLAgentsBachelorThesis\\venv\\Scripts\\mlagents-learn --torch-device cuda config/RL+Curiosity.yaml --run-id=RL+Curiosity(new_obs3.1) --resume",
        "mlagents_version": "1.1.0",
        "mlagents_envs_version": "1.1.0",
        "communication_protocol_version": "1.5.0",
        "pytorch_version": "2.5.1+cu118",
        "numpy_version": "1.23.5",
        "end_time_seconds": "1733022615"
    },
    "total": 1092.4865322999976,
    "count": 1,
    "self": 0.010421899991342798,