{
    "name": "root",
    "gauges": {
        "BehaviorTest.Policy.Entropy.mean": {
            "value": 1.9977600574493408,
            "min": 1.9977600574493408,
            "max": 1.9977600574493408,
            "count": 1
        },
        "BehaviorTest.Policy.Entropy.sum": {
            "value": 143199.4375,
            "min": 143199.4375,
            "max": 143199.4375,
            "count": 1
        },
        "BehaviorTest.Environment.EpisodeLength.mean": {
            "value": 81.46774193548387,
            "min": 81.46774193548387,
            "max": 81.46774193548387,
            "count": 1
        },
        "BehaviorTest.Environment.EpisodeLength.sum": {
            "value": 10102.0,
            "min": 10102.0,
            "max": 10102.0,
            "count": 1
        },
        "BehaviorTest.Environment.LessonNumber.my_environment_parameter.mean": {
            "value": 1.0,
            "min": 1.0,
            "max": 1.0,
            "count": 1
        },
        "BehaviorTest.Environment.LessonNumber.my_environment_parameter.sum": {
            "value": 1.0,
            "min": 1.0,
            "max": 1.0,
            "count": 1
        },
        "BehaviorTest.Self-play.ELO.mean": {
            "value": 943.1875870439128,
            "min": 943.1875870439128,
            "max": 943.1875870439128,
            "count": 1
        },
        "BehaviorTest.Self-play.ELO.sum": {
            "value": 58477.63039672259,
            "min": 58477.63039672259,
            "max": 58477.63039672259,
            "count": 1
        },
        "BehaviorTest.Step.mean": {
            "value": 1139962.0,
            "min": 1139962.0,
            "max": 1139962.0,
            "count": 1
        },
        "BehaviorTest.Step.sum": {
            "value": 1139962.0,
            "min": 1139962.0,
            "max": 1139962.0,
            "count": 1
        },
        "BehaviorTest.Policy.ExtrinsicValueEstimate.mean": {
            "value": -0.9634602069854736,
            "min": -0.9634602069854736,
            "max": -0.9634602069854736,
            "count": 1
        },
        "BehaviorTest.Policy.ExtrinsicValueEstimate.sum": {
            "value": -519.3050537109375,
            "min": -519.3050537109375,
            "max": -519.3050537109375,
            "count": 1
        },
        "BehaviorTest.Policy.CuriosityValueEstimate.mean": {
            "value": 0.15460509061813354,
            "min": 0.15460509061813354,
            "max": 0.15460509061813354,
            "count": 1
        },
        "BehaviorTest.Policy.CuriosityValueEstimate.sum": {
            "value": 83.33214569091797,
            "min": 83.33214569091797,
            "max": 83.33214569091797,
            "count": 1
        },
        "BehaviorTest.Environment.CumulativeReward.mean": {
            "value": -4.361290322676782,
            "min": -4.361290322676782,
            "max": -4.361290322676782,
            "count": 1
        },
        "BehaviorTest.Environment.CumulativeReward.sum": {
            "value": -270.40000000596046,
            "min": -270.40000000596046,
            "max": -270.40000000596046,
            "count": 1
        },
        "BehaviorTest.Policy.ExtrinsicReward.mean": {
            "value": -4.361290322676782,
            "min": -4.361290322676782,
            "max": -4.361290322676782,
            "count": 1
        },
        "BehaviorTest.Policy.ExtrinsicReward.sum": {
            "value": -270.40000000596046,
            "min": -270.40000000596046,
            "max": -270.40000000596046,
            "count": 1
        },
        "BehaviorTest.Policy.CuriosityReward.mean": {
            "value": 0.10872455674970913,
            "min": 0.10872455674970913,
            "max": 0.10872455674970913,
            "count": 1
        },
        "BehaviorTest.Policy.CuriosityReward.sum": {
            "value": 6.740922518481966,
            "min": 6.740922518481966,
            "max": 6.740922518481966,
            "count": 1
        },
        "BehaviorTest.Losses.PolicyLoss.mean": {
            "value": 0.06440796061400042,
            "min": 0.06440796061400042,
            "max": 0.06440796061400042,
            "count": 1
        },
        "BehaviorTest.Losses.PolicyLoss.sum": {
            "value": 0.6440796061400043,
            "min": 0.6440796061400043,
            "max": 0.6440796061400043,
            "count": 1
        },
        "BehaviorTest.Losses.ValueLoss.mean": {
            "value": 0.1675009546122569,
            "min": 0.1675009546122569,
            "max": 0.1675009546122569,
            "count": 1
        },
        "BehaviorTest.Losses.ValueLoss.sum": {
            "value": 1.675009546122569,
            "min": 1.675009546122569,
            "max": 1.675009546122569,
            "count": 1
        },
        "BehaviorTest.Policy.LearningRate.mean": {
            "value": 0.00025167442182281714,
            "min": 0.00025167442182281714,
            "max": 0.00025167442182281714,
            "count": 1
        },
        "BehaviorTest.Policy.LearningRate.sum": {
            "value": 0.0025167442182281712,
            "min": 0.0025167442182281712,
            "max": 0.0025167442182281712,
            "count": 1
        },
        "BehaviorTest.Policy.Epsilon.mean": {
            "value": 0.1838914685714286,
            "min": 0.1838914685714286,
            "max": 0.1838914685714286,
            "count": 1
        },
        "BehaviorTest.Policy.Epsilon.sum": {
            "value": 1.838914685714286,
            "min": 1.838914685714286,
            "max": 1.838914685714286,
            "count": 1
        },
        "BehaviorTest.Policy.Beta.mean": {
            "value": 0.016779904567428568,
            "min": 0.016779904567428568,
            "max": 0.016779904567428568,
            "count": 1
        },
        "BehaviorTest.Policy.Beta.sum": {
            "value": 0.1677990456742857,
            "min": 0.1677990456742857,
            "max": 0.1677990456742857,
            "count": 1
        },
        "BehaviorTest.Losses.CuriosityForwardLoss.mean": {
            "value": 0.07303203960328666,
            "min": 0.07303203960328666,
            "max": 0.07303203960328666,
            "count": 1
        },
        "BehaviorTest.Losses.CuriosityForwardLoss.sum": {
            "value": 0.7303203960328667,
            "min": 0.7303203960328667,
            "max": 0.7303203960328667,
            "count": 1
        },
        "BehaviorTest.Losses.CuriosityInverseLoss.mean": {
            "value": 2.0101440045747863,
            "min": 2.0101440045747863,
            "max": 2.0101440045747863,
            "count": 1
        },
        "BehaviorTest.Losses.CuriosityInverseLoss.sum": {
            "value": 20.10144004574786,
            "min": 20.10144004574786,
            "max": 20.10144004574786,
            "count": 1
        },
        "BehaviorTest.IsTraining.mean": {
            "value": 1.0,
            "min": 1.0,
            "max": 1.0,
            "count": 1
        },
        "BehaviorTest.IsTraining.sum": {
            "value": 1.0,
            "min": 1.0,
            "max": 1.0,
            "count": 1
        }
    },
    "metadata": {
        "timer_format_version": "0.1.0",
        "start_time_seconds": "1732827912",
        "python_version": "3.10.1 (tags/v3.10.1:2cd268a, Dec  6 2021, 19:10:37) [MSC v.1929 64 bit (AMD64)]",
        "command_line_arguments": "C:\\Users\\roman\\Documents\\GitHub\\RLMLAgentsBachelorThesis\\venv\\Scripts\\mlagents-learn --torch-device cuda config/configTest.yaml --run-id=BehaviorTest --resume",
        "mlagents_version": "1.1.0",
        "mlagents_envs_version": "1.1.0",
        "communication_protocol_version": "1.5.0",
        "pytorch_version": "2.5.1+cu118",
        "numpy_version": "1.23.5",
        "end_time_seconds": "1732828209"
    },
    "total": 297.5291810999988,
    "count": 1,
    "self": 0.007864799998060334,