{
    "name": "root",
    "gauges": {
        "BehaviorTest.Policy.Entropy.mean": {
            "value": 1.773969054222107,
            "min": 1.7731400728225708,
            "max": 2.0825443267822266,
            "count": 12
        },
        "BehaviorTest.Policy.Entropy.sum": {
            "value": 211173.28125,
            "min": 211173.28125,
            "max": 250571.734375,
            "count": 12
        },
        "BehaviorTest.Environment.LessonNumber.my_environment_parameter.mean": {
            "value": 3.0,
            "min": 2.0,
            "max": 3.0,
            "count": 12
        },
        "BehaviorTest.Environment.LessonNumber.my_environment_parameter.sum": {
            "value": 3.0,
            "min": 2.0,
            "max": 3.0,
            "count": 12
        },
        "BehaviorTest.Environment.EpisodeLength.mean": {
            "value": 159.62565445026178,
            "min": 100.80376344086021,
            "max": 180.48307692307694,
            "count": 12
        },
        "BehaviorTest.Environment.EpisodeLength.sum": {
            "value": 121954.0,
            "min": 74998.0,
            "max": 128576.0,
            "count": 12
        },
        "BehaviorTest.Self-play.ELO.mean": {
            "value": 1322.3779265744765,
            "min": 1268.023384414023,
            "max": 1334.500860835125,
            "count": 12
        },
        "BehaviorTest.Self-play.ELO.sum": {
            "value": 505148.36795145005,
            "min": 422068.0548057533,
            "max": 634930.3946831226,
            "count": 12
        },
        "BehaviorTest.Step.mean": {
            "value": 1259979.0,
            "min": 599966.0,
            "max": 1259979.0,
            "count": 12
        },
        "BehaviorTest.Step.sum": {
            "value": 1259979.0,
            "min": 599966.0,
            "max": 1259979.0,
            "count": 12
        },
        "BehaviorTest.Policy.ExtrinsicValueEstimate.mean": {
            "value": 1.9959537982940674,
            "min": 1.9959537982940674,
            "max": 2.840214729309082,
            "count": 12
        },
        "BehaviorTest.Policy.ExtrinsicValueEstimate.sum": {
            "value": 2241.4560546875,
            "min": 2241.4560546875,
            "max": 3308.4931640625,
            "count": 12
        },
        "BehaviorTest.Policy.CuriosityValueEstimate.mean": {
            "value": 0.40670424699783325,
            "min": 0.11522617936134338,
            "max": 0.4145546555519104,
            "count": 12
        },
        "BehaviorTest.Policy.CuriosityValueEstimate.sum": {
            "value": 456.7288818359375,
            "min": 127.98009490966797,
            "max": 469.6904296875,
            "count": 12
        },
        "BehaviorTest.Environment.CumulativeReward.mean": {
            "value": 3.3834155020352785,
            "min": 3.3834155020352785,
            "max": 5.15591087380895,
            "count": 12
        },
        "BehaviorTest.Environment.CumulativeReward.sum": {
            "value": 1292.4647217774764,
            "min": 1292.4647217774764,
            "max": 2323.7712258808315,
            "count": 12
        },
        "BehaviorTest.Policy.ExtrinsicReward.mean": {
            "value": 3.3834155020352785,
            "min": 3.3834155020352785,
            "max": 5.15591087380895,
            "count": 12
        },
        "BehaviorTest.Policy.ExtrinsicReward.sum": {
            "value": 1292.4647217774764,
            "min": 1292.4647217774764,
            "max": 2323.7712258808315,
            "count": 12
        },
        "BehaviorTest.Policy.CuriosityReward.mean": {
            "value": 0.6063666742393157,
            "min": 0.056539475058627275,
            "max": 0.7116821717488795,
            "count": 12
        },
        "BehaviorTest.Policy.CuriosityReward.sum": {
            "value": 231.6320695594186,
            "min": 21.032684721809346,
            "max": 266.17949515616056,
            "count": 12
        },
        "BehaviorTest.Losses.PolicyLoss.mean": {
            "value": 0.02378559072894859,
            "min": 0.0227416139762176,
            "max": 0.02709920366280838,
            "count": 12
        },
        "BehaviorTest.Losses.PolicyLoss.sum": {
            "value": 0.07135677218684577,
            "min": 0.04808615691338976,
            "max": 0.08129761098842514,
            "count": 12
        },
        "BehaviorTest.Losses.ValueLoss.mean": {
            "value": 0.8928468048572541,
            "min": 0.7389563143253327,
            "max": 1.0272826393445333,
            "count": 12
        },
        "BehaviorTest.Losses.ValueLoss.sum": {
            "value": 2.678540414571762,
            "min": 1.7549997101227444,
            "max": 3.0818479180336,
            "count": 12
        },
        "BehaviorTest.Policy.LearningRate.mean": {
            "value": 1.7742017162948726e-05,
            "min": 1.7742017162948726e-05,
            "max": 0.00016719708272919234,
            "count": 12
        },
        "BehaviorTest.Policy.LearningRate.sum": {
            "value": 5.322605148884618e-05,
            "min": 5.322605148884618e-05,
            "max": 0.00046602568311969233,
            "count": 12
        },
        "BehaviorTest.Policy.Epsilon.mean": {
            "value": 0.10591397435897436,
            "min": 0.10591397435897436,
            "max": 0.15573234615384618,
            "count": 12
        },
        "BehaviorTest.Policy.Epsilon.sum": {
            "value": 0.31774192307692306,
            "min": 0.22925500000000004,
            "max": 0.4553418461538462,
            "count": 12
        },
        "BehaviorTest.Policy.Beta.mean": {
            "value": 0.0011922034743589752,
            "min": 0.0011922034743589752,
            "max": 0.011150895996153844,
            "count": 12
        },
        "BehaviorTest.Policy.Beta.sum": {
            "value": 0.0035766104230769255,
            "min": 0.0035766104230769255,
            "max": 0.031082835046153848,
            "count": 12
        },
        "BehaviorTest.Losses.CuriosityForwardLoss.mean": {
            "value": 0.18261455396811166,
            "min": 0.04733048190052311,
            "max": 0.21723035458061432,
            "count": 12
        },
        "BehaviorTest.Losses.CuriosityForwardLoss.sum": {
            "value": 0.547843661904335,
            "min": 0.09466096380104622,
            "max": 0.6516910637418429,
            "count": 12
        },
        "BehaviorTest.Losses.CuriosityInverseLoss.mean": {
            "value": 1.377241618103451,
            "min": 1.3647261732154423,
            "max": 2.0546437680721286,
            "count": 12
        },
        "BehaviorTest.Losses.CuriosityInverseLoss.sum": {
            "value": 4.131724854310353,
            "min": 2.811689203977585,
            "max": 6.163931304216385,
            "count": 12
        },
        "BehaviorTest.IsTraining.mean": {
            "value": 1.0,
            "min": 1.0,
            "max": 1.0,
            "count": 12
        },
        "BehaviorTest.IsTraining.sum": {
            "value": 1.0,
            "min": 1.0,
            "max": 1.0,
            "count": 12
        }
    },
    "metadata": {
        "timer_format_version": "0.1.0",
        "start_time_seconds": "1732850098",
        "python_version": "3.10.1 (tags/v3.10.1:2cd268a, Dec  6 2021, 19:10:37) [MSC v.1929 64 bit (AMD64)]",
        "command_line_arguments": "C:\\Users\\roman\\Documents\\GitHub\\RLMLAgentsBachelorThesis\\venv\\Scripts\\mlagents-learn --torch-device cuda config/configTest.yaml --run-id=BehaviorTest --resume",
        "mlagents_version": "1.1.0",
        "mlagents_envs_version": "1.1.0",
        "communication_protocol_version": "1.5.0",
        "pytorch_version": "2.5.1+cu118",
        "numpy_version": "1.23.5",
        "end_time_seconds": "1732851631"
    },
    "total": 1532.9903551000025,
    "count": 1,
    "self": 0.010726000000431668,