{
    "name": "root",
    "gauges": {
        "BehaviorTest.Policy.Entropy.mean": {
            "value": 2.1864452362060547,
            "min": 2.1472997665405273,
            "max": 2.2872207164764404,
            "count": 14
        },
        "BehaviorTest.Policy.Entropy.sum": {
            "value": 269195.125,
            "min": 244802.765625,
            "max": 287201.71875,
            "count": 14
        },
        "BehaviorTest.Environment.LessonNumber.my_environment_parameter.mean": {
            "value": 2.0,
            "min": 0.0,
            "max": 2.0,
            "count": 14
        },
        "BehaviorTest.Environment.LessonNumber.my_environment_parameter.sum": {
            "value": 2.0,
            "min": 0.0,
            "max": 2.0,
            "count": 14
        },
        "BehaviorTest.Step.mean": {
            "value": 839944.0,
            "min": 59968.0,
            "max": 839944.0,
            "count": 14
        },
        "BehaviorTest.Step.sum": {
            "value": 839944.0,
            "min": 59968.0,
            "max": 839944.0,
            "count": 14
        },
        "BehaviorTest.Policy.ExtrinsicValueEstimate.mean": {
            "value": -0.7877191305160522,
            "min": -4.006376266479492,
            "max": 3.283994436264038,
            "count": 14
        },
        "BehaviorTest.Policy.ExtrinsicValueEstimate.sum": {
            "value": -887.7594604492188,
            "min": -4178.650390625,
            "max": 4117.4638671875,
            "count": 14
        },
        "BehaviorTest.Policy.CuriosityValueEstimate.mean": {
            "value": 0.13722766935825348,
            "min": -0.0028262846171855927,
            "max": 0.23175916075706482,
            "count": 14
        },
        "BehaviorTest.Policy.CuriosityValueEstimate.sum": {
            "value": 154.65557861328125,
            "min": -2.9280309677124023,
            "max": 281.1238708496094,
            "count": 14
        },
        "BehaviorTest.Environment.EpisodeLength.mean": {
            "value": 157.2,
            "min": 138.0,
            "max": 403.0,
            "count": 14
        },
        "BehaviorTest.Environment.EpisodeLength.sum": {
            "value": 113184.0,
            "min": 99792.0,
            "max": 121104.0,
            "count": 14
        },
        "BehaviorTest.Self-play.ELO.mean": {
            "value": 1553.5184067179257,
            "min": 1113.344782406156,
            "max": 1553.5184067179257,
            "count": 14
        },
        "BehaviorTest.Self-play.ELO.sum": {
            "value": 559266.6264184533,
            "min": 168220.96300989046,
            "max": 585813.5572156501,
            "count": 14
        },
        "BehaviorTest.Environment.CumulativeReward.mean": {
            "value": 12.115884231941568,
            "min": -51.64201409369707,
            "max": 14.846124529513741,
            "count": 14
        },
        "BehaviorTest.Environment.CumulativeReward.sum": {
            "value": 4361.718323498964,
            "min": -7436.450029492378,
            "max": 5448.527702331543,
            "count": 14
        },
        "BehaviorTest.Policy.ExtrinsicReward.mean": {
            "value": 12.115884231941568,
            "min": -51.64201409369707,
            "max": 14.846124529513741,
            "count": 14
        },
        "BehaviorTest.Policy.ExtrinsicReward.sum": {
            "value": 4361.718323498964,
            "min": -7436.450029492378,
            "max": 5448.527702331543,
            "count": 14
        },
        "BehaviorTest.Policy.CuriosityReward.mean": {
            "value": 0.16321863117506533,
            "min": 0.16321863117506533,
            "max": 1.4587887900157108,
            "count": 14
        },
        "BehaviorTest.Policy.CuriosityReward.sum": {
            "value": 58.75870722302352,
            "min": 58.75870722302352,
            "max": 210.06558576226234,
            "count": 14
        },
        "BehaviorTest.Losses.PolicyLoss.mean": {
            "value": 0.024826722488082858,
            "min": 0.02190006704739485,
            "max": 0.027272038810221694,
            "count": 14
        },
        "BehaviorTest.Losses.PolicyLoss.sum": {
            "value": 0.049653444976165716,
            "min": 0.044397515480312094,
            "max": 0.07615296179750666,
            "count": 14
        },
        "BehaviorTest.Losses.ValueLoss.mean": {
            "value": 10.557578695456876,
            "min": 2.4602427878594995,
            "max": 12.678461313121533,
            "count": 14
        },
        "BehaviorTest.Losses.ValueLoss.sum": {
            "value": 21.11515739091375,
            "min": 4.920485575718999,
            "max": 38.0353839393646,
            "count": 14
        },
        "BehaviorTest.Policy.LearningRate.mean": {
            "value": 0.00021904322698560006,
            "min": 0.00021904322698560006,
            "max": 0.00029647200117600004,
            "count": 14
        },
        "BehaviorTest.Policy.LearningRate.sum": {
            "value": 0.0004380864539712001,
            "min": 0.0004380864539712001,
            "max": 0.000872388009204,
            "count": 14
        },
        "BehaviorTest.Policy.Epsilon.mean": {
            "value": 0.17301439999999998,
            "min": 0.17301439999999998,
            "max": 0.198824,
            "count": 14
        },
        "BehaviorTest.Policy.Epsilon.sum": {
            "value": 0.34602879999999997,
            "min": 0.34602879999999997,
            "max": 0.5907960000000001,
            "count": 14
        },
        "BehaviorTest.Policy.Beta.mean": {
            "value": 0.01460557856,
            "min": 0.01460557856,
            "max": 0.0197649176,
            "count": 14
        },
        "BehaviorTest.Policy.Beta.sum": {
            "value": 0.02921115712,
            "min": 0.02921115712,
            "max": 0.0581601204,
            "count": 14
        },
        "BehaviorTest.Losses.CuriosityForwardLoss.mean": {
            "value": 0.04952652655638658,
            "min": 0.04952652655638658,
            "max": 0.754388248496376,
            "count": 14
        },
        "BehaviorTest.Losses.CuriosityForwardLoss.sum": {
            "value": 0.09905305311277315,
            "min": 0.09905305311277315,
            "max": 1.508776496992752,
            "count": 14
        },
        "BehaviorTest.Losses.CuriosityInverseLoss.mean": {
            "value": 1.9796719431103051,
            "min": 1.9336228932395125,
            "max": 2.3569300700082136,
            "count": 14
        },
        "BehaviorTest.Losses.CuriosityInverseLoss.sum": {
            "value": 3.9593438862206103,
            "min": 3.880069826219393,
            "max": 6.62813388440344,
            "count": 14
        },
        "BehaviorTest.IsTraining.mean": {
            "value": 1.0,
            "min": 1.0,
            "max": 1.0,
            "count": 14
        },
        "BehaviorTest.IsTraining.sum": {
            "value": 1.0,
            "min": 1.0,
            "max": 1.0,
            "count": 14
        }
    },
    "metadata": {
        "timer_format_version": "0.1.0",
        "start_time_seconds": "1732586439",
        "python_version": "3.10.1 (tags/v3.10.1:2cd268a, Dec  6 2021, 19:10:37) [MSC v.1929 64 bit (AMD64)]",
        "command_line_arguments": "C:\\Users\\roman\\Documents\\GitHub\\RLMLAgentsBachelorThesis\\venv\\Scripts\\mlagents-learn --torch-device cuda config/configTest.yaml --run-id=BehaviorTest --force",
        "mlagents_version": "1.1.0",
        "mlagents_envs_version": "1.1.0",
        "communication_protocol_version": "1.5.0",
        "pytorch_version": "2.5.1+cu118",
        "numpy_version": "1.23.5",
        "end_time_seconds": "1732587718"
    },
    "total": 1278.6127962000028,
    "count": 1,
    "self": 0.008164700004272163,
    "children": {
        "run_training.setup": {
            "total": 0.08202289999462664,
            "count": 1,