{
    "name": "root",
    "metadata": {
        "timer_format_version": "0.1.0",
        "start_time_seconds": "1732673134",
        "python_version": "3.10.1 (tags/v3.10.1:2cd268a, Dec  6 2021, 19:10:37) [MSC v.1929 64 bit (AMD64)]",
        "command_line_arguments": "C:\\Users\\roman\\Documents\\GitHub\\RLMLAgentsBachelorThesis\\venv\\Scripts\\mlagents-learn --torch-device cuda config/configTest.yaml --run-id=BehaviorTest --force",
        "mlagents_version": "1.1.0",
        "mlagents_envs_version": "1.1.0",
        "communication_protocol_version": "1.5.0",
        "pytorch_version": "2.5.1+cu118",
        "numpy_version": "1.23.5",
        "end_time_seconds": "1732673165"
    },
    "total": 30.34857380000176,
    "count": 1,
    "self": 0.008093299984466285,
    "children": {
        "run_training.setup": {
            "total": 0.08420800001476891,
            "count": 1,
            "self": 0.08420800001476891
        },
        "TrainerController.start_learning": {
            "total": 30.256272500002524,
            "count": 1,
            "self": 0.005705999938072637,
            "children": {
                "TrainerController._reset_env": {
                    "total": 15.083948799991049,
                    "count": 1,
                    "self": 15.083948799991049
                },
                "TrainerController.advance": {
                    "total": 14.986799200094538,
                    "count": 184,
                    "self": 0.00563439994584769,
                    "children": {
                        "env_step": {
                            "total": 14.560139300097944,
                            "count": 184,
                            "self": 12.375403299927711,
                            "children": {
                                "SubprocessEnvManager._take_step": {
                                    "total": 2.1827713001985103,
                                    "count": 184,
                                    "self": 0.024853000126313418,
                                    "children": {
                                        "TorchPolicy.evaluate": {
                                            "total": 2.157918300072197,
                                            "count": 368,
                                            "self": 2.157918300072197
                                        }
                                    }
                                },
                                "workers": {
                                    "total": 0.001964699971722439,
                                    "count": 183,
                                    "self": 0.0,
                                    "children": {
                                        "worker_root": {
                                            "total": 13.139333100116346,
                                            "count": 183,
                                            "is_parallel": true,
                                            "self": 4.390978900337359,
                                            "children": {
                                                "steps_from_proto": {
                                                    "total": 0.008448900014627725,
                                                    "count": 2,
                                                    "is_parallel": true,
                                                    "self": 0.0005494999932125211,
                                                    "children": {
                                                        "_process_rank_one_or_two_observation": {
                                                            "total": 0.007899400021415204,
                                                            "count": 12,
                                                            "is_parallel": true,
                                                            "self": 0.007899400021415204
                                                        }
                                                    }
                                                },
                                                "UnityEnvironment.step": {
                                                    "total": 8.73990529976436,
                                                    "count": 183,
                                                    "is_parallel": true,
                                                    "self": 0.39708119924762286,
                                                    "children": {
                                                        "UnityEnvironment._generate_step_input": {
                                                            "total": 0.07038050002302043,
                                                            "count": 183,
                                                            "is_parallel": true,
                                                            "self": 0.07038050002302043
                                                        },
                                                        "communicator.exchange": {
                                                            "total": 6.8530225004360545,
                                                            "count": 183,
                                                            "is_parallel": true,
                                                            "self": 6.8530225004360545
                                                        },
                                                        "steps_from_proto": {
                                                            "total": 1.4194211000576615,
                                                            "count": 366,
                                                            "is_parallel": true,
                                                            "self": 0.08285110001452267,
                                                            "children": {
                                                                "_process_rank_one_or_two_observation": {
                                                                    "total": 1.3365700000431389,
                                                                    "count": 2196,
                                                                    "is_parallel": true,
                                                                    "self": 1.3365700000431389
                                                                }
                                                            }
                                                        }
                                                    }
                                                }
                                            }
                                        }
                                    }
                                }
                            }
                        },
                        "trainer_advance": {
                            "total": 0.4210255000507459,
                            "count": 183,
                            "self": 0.013379799929680303,
                            "children": {
                                "process_trajectory": {
                                    "total": 0.4076457001210656,
                                    "count": 183,
                                    "self": 0.4076457001210656
                                }
                            }
                        }
                    }
                },
                "trainer_threads": {
                    "total": 1.0999792721122503e-06,
                    "count": 1,
                    "self": 1.0999792721122503e-06
                },
                "TrainerController._save_models": {
                    "total": 0.17981739999959245,
                    "count": 1,
                    "self": 0.008956700010458007,