{
    "name": "root",
    "gauges": {
        "BehaviorTest.Policy.Entropy.mean": {
            "value": 2.0268054008483887,
            "min": 1.9979562759399414,
            "max": 2.0420966148376465,
            "count": 6
        },
        "BehaviorTest.Policy.Entropy.sum": {
            "value": 243313.921875,
            "min": 98203.546875,
            "max": 247012.0,
            "count": 6
        },
        "BehaviorTest.Environment.LessonNumber.my_environment_parameter.mean": {
            "value": 3.0,
            "min": 3.0,
            "max": 3.0,
            "count": 6
        },
        "BehaviorTest.Environment.LessonNumber.my_environment_parameter.sum": {
            "value": 3.0,
            "min": 3.0,
            "max": 3.0,
            "count": 6
        },
        "BehaviorTest.Step.mean": {
            "value": 9599965.0,
            "min": 9299965.0,
            "max": 9599965.0,
            "count": 6
        },
        "BehaviorTest.Step.sum": {
            "value": 9599965.0,
            "min": 9299965.0,
            "max": 9599965.0,
            "count": 6
        },
        "BehaviorTest.Policy.ExtrinsicValueEstimate.mean": {
            "value": -1.5379544496536255,
            "min": -2.868708610534668,
            "max": 0.14191453158855438,
            "count": 6
        },
        "BehaviorTest.Policy.ExtrinsicValueEstimate.sum": {
            "value": -1610.23828125,
            "min": -1610.23828125,
            "max": 145.8881378173828,
            "count": 6
        },
        "BehaviorTest.Policy.CuriosityValueEstimate.mean": {
            "value": 0.1580621600151062,
            "min": 0.1571769118309021,
            "max": 0.18459413945674896,
            "count": 6
        },
        "BehaviorTest.Policy.CuriosityValueEstimate.sum": {
            "value": 165.4910888671875,
            "min": 74.76062774658203,
            "max": 175.99664306640625,
            "count": 6
        },
        "BehaviorTest.Environment.EpisodeLength.mean": {
            "value": 236.66666666666666,
            "min": 207.6153846153846,
            "max": 285.55555555555554,
            "count": 6
        },
        "BehaviorTest.Environment.EpisodeLength.sum": {
            "value": 102240.0,
            "min": 39744.0,
            "max": 129552.0,
            "count": 6
        },
        "BehaviorTest.Self-play.ELO.mean": {
            "value": 1242.126664322788,
            "min": 1223.77117594621,
            "max": 1283.5390036021945,
            "count": 6
        },
        "BehaviorTest.Self-play.ELO.sum": {
            "value": 268299.3594937222,
            "min": 88111.52466812712,
            "max": 387270.19389625714,
            "count": 6
        },
        "BehaviorTest.Environment.CumulativeReward.mean": {
            "value": -7.051059146601431,
            "min": -7.416715256766313,
            "max": 6.958830323571531,
            "count": 6
        },
        "BehaviorTest.Environment.CumulativeReward.sum": {
            "value": -1523.028775665909,
            "min": -2136.013993948698,
            "max": 2094.607927395031,
            "count": 6
        },
        "BehaviorTest.Policy.ExtrinsicReward.mean": {
            "value": -7.051059146601431,
            "min": -7.416715256766313,
            "max": 6.958830323571531,
            "count": 6
        },
        "BehaviorTest.Policy.ExtrinsicReward.sum": {
            "value": -1523.028775665909,
            "min": -2136.013993948698,
            "max": 2094.607927395031,
            "count": 6
        },
        "BehaviorTest.Policy.CuriosityReward.mean": {
            "value": 0.38086750011306897,
            "min": 0.0,
            "max": 0.5132773925363802,
            "count": 6
        },
        "BehaviorTest.Policy.CuriosityReward.sum": {
            "value": 82.26738002442289,
            "min": 0.0,
            "max": 110.86791678785812,
            "count": 6
        },
        "BehaviorTest.Losses.PolicyLoss.mean": {
            "value": 0.02496175945410768,
            "min": 0.021170799411508293,
            "max": 0.02496175945410768,
            "count": 6
        },
        "BehaviorTest.Losses.PolicyLoss.sum": {
            "value": 0.07488527836232303,
            "min": 0.024943562901050122,
            "max": 0.07488527836232303,
            "count": 6
        },
        "BehaviorTest.Losses.ValueLoss.mean": {
            "value": 4.917124372310739,
            "min": 4.917124372310739,
            "max": 8.416312602714257,
            "count": 6
        },
        "BehaviorTest.Losses.ValueLoss.sum": {
            "value": 14.751373116932218,
            "min": 7.036162877082825,
            "max": 25.24893780814277,
            "count": 6
        },
        "BehaviorTest.Policy.LearningRate.mean": {
            "value": 6.071075476310832e-05,
            "min": 6.071075476310832e-05,
            "max": 6.757295247570833e-05,
            "count": 6
        },
        "BehaviorTest.Policy.LearningRate.sum": {
            "value": 0.00018213226428932496,
            "min": 6.757295247570833e-05,
            "max": 0.00019961805846072496,
            "count": 6
        },
        "BehaviorTest.Policy.Epsilon.mean": {
            "value": 0.12023689166666668,
            "min": 0.12023689166666668,
            "max": 0.12252429166666665,
            "count": 6
        },
        "BehaviorTest.Policy.Epsilon.sum": {
            "value": 0.36071067500000004,
            "min": 0.12252429166666665,
            "max": 0.366539275,
            "count": 6
        },
        "BehaviorTest.Policy.Beta.mean": {
            "value": 0.004055354644166668,
            "min": 0.004055354644166668,
            "max": 0.004512605904166666,
            "count": 6
        },
        "BehaviorTest.Policy.Beta.sum": {
            "value": 0.012166063932500002,
            "min": 0.004512605904166666,
            "max": 0.013331201072499996,
            "count": 6
        },
        "BehaviorTest.Losses.CuriosityForwardLoss.mean": {
            "value": 0.06818802582799759,
            "min": 0.06818802582799759,
            "max": 0.1239663311590751,
            "count": 6
        },
        "BehaviorTest.Losses.CuriosityForwardLoss.sum": {
            "value": 0.20456407748399275,
            "min": 0.1239663311590751,
            "max": 0.2582891528805097,
            "count": 6
        },
        "BehaviorTest.Losses.CuriosityInverseLoss.mean": {
            "value": 1.560417454835599,
            "min": 1.473384189605713,
            "max": 1.8396910925706227,
            "count": 6
        },
        "BehaviorTest.Losses.CuriosityInverseLoss.sum": {
            "value": 4.681252364506797,
            "min": 1.8396910925706227,
            "max": 4.681252364506797,
            "count": 6
        },
        "BehaviorTest.IsTraining.mean": {
            "value": 1.0,
            "min": 1.0,
            "max": 1.0,
            "count": 6
        },
        "BehaviorTest.IsTraining.sum": {
            "value": 1.0,
            "min": 1.0,
            "max": 1.0,
            "count": 6
        }
    },
    "metadata": {
        "timer_format_version": "0.1.0",
        "start_time_seconds": "1732670560",
        "python_version": "3.10.1 (tags/v3.10.1:2cd268a, Dec  6 2021, 19:10:37) [MSC v.1929 64 bit (AMD64)]",
        "command_line_arguments": "C:\\Users\\roman\\Documents\\GitHub\\RLMLAgentsBachelorThesis\\venv\\Scripts\\mlagents-learn --torch-device cuda config/configTest.yaml --run-id=BehaviorTest --resume --torch-device cuda",
        "mlagents_version": "1.1.0",
        "mlagents_envs_version": "1.1.0",
        "communication_protocol_version": "1.5.0",
        "pytorch_version": "2.5.1+cu118",
        "numpy_version": "1.23.5",
        "end_time_seconds": "1732671954"
    },
    "total": 1393.4012153999938,
    "count": 1,
    "self": 0.008436699979938567,