{
    "name": "root",
    "gauges": {
        "BehaviorTest.Policy.Entropy.mean": {
            "value": 2.0534980297088623,
            "min": 2.0376856327056885,
            "max": 2.1764347553253174,
            "count": 71
        },
        "BehaviorTest.Policy.Entropy.sum": {
            "value": 246419.75,
            "min": 193429.203125,
            "max": 271287.40625,
            "count": 71
        },
        "BehaviorTest.Environment.LessonNumber.my_environment_parameter.mean": {
            "value": 3.0,
            "min": 2.0,
            "max": 3.0,
            "count": 71
        },
        "BehaviorTest.Environment.LessonNumber.my_environment_parameter.sum": {
            "value": 3.0,
            "min": 2.0,
            "max": 3.0,
            "count": 71
        },
        "BehaviorTest.Environment.EpisodeLength.mean": {
            "value": 547.87,
            "min": 174.64077669902912,
            "max": 934.9264705882352,
            "count": 71
        },
        "BehaviorTest.Environment.EpisodeLength.sum": {
            "value": 109574.0,
            "min": 35778.0,
            "max": 153410.0,
            "count": 71
        },
        "BehaviorTest.Self-play.ELO.mean": {
            "value": -256.1399026657432,
            "min": -256.1399026657432,
            "max": 325.86039268819576,
            "count": 71
        },
        "BehaviorTest.Self-play.ELO.sum": {
            "value": -17929.793186602023,
            "min": -22438.33374222674,
            "max": 37906.61191595714,
            "count": 71
        },
        "BehaviorTest.Step.mean": {
            "value": 7199959.0,
            "min": 2999952.0,
            "max": 7199959.0,
            "count": 71
        },
        "BehaviorTest.Step.sum": {
            "value": 7199959.0,
            "min": 2999952.0,
            "max": 7199959.0,
            "count": 71
        },
        "BehaviorTest.Policy.ExtrinsicValueEstimate.mean": {
            "value": -1.0385518074035645,
            "min": -1.5565708875656128,
            "max": -0.6338202357292175,
            "count": 71
        },
        "BehaviorTest.Policy.ExtrinsicValueEstimate.sum": {
            "value": -1029.204833984375,
            "min": -1545.17919921875,
            "max": -633.1864013671875,
            "count": 71
        },
        "BehaviorTest.Policy.CuriosityValueEstimate.mean": {
            "value": 0.20981916785240173,
            "min": 0.11236152052879333,
            "max": 0.22134794294834137,
            "count": 71
        },
        "BehaviorTest.Policy.CuriosityValueEstimate.sum": {
            "value": 207.93080139160156,
            "min": 82.36099243164062,
            "max": 218.6917724609375,
            "count": 71
        },
        "BehaviorTest.Environment.CumulativeReward.mean": {
            "value": -6.177560020312667,
            "min": -10.416658833077769,
            "max": -4.101164410480216,
            "count": 71
        },
        "BehaviorTest.Environment.CumulativeReward.sum": {
            "value": -617.7560020312667,
            "min": -1170.1940135098994,
            "max": -323.99198842793703,
            "count": 71
        },
        "BehaviorTest.Policy.ExtrinsicReward.mean": {
            "value": -6.177560020312667,
            "min": -10.416658833077769,
            "max": -4.101164410480216,
            "count": 71
        },
        "BehaviorTest.Policy.ExtrinsicReward.sum": {
            "value": -617.7560020312667,
            "min": -1170.1940135098994,
            "max": -323.99198842793703,
            "count": 71
        },
        "BehaviorTest.Policy.CuriosityReward.mean": {
            "value": 1.1162157677859068,
            "min": 0.32566712175700047,
            "max": 1.7942903133946293,
            "count": 71
        },
        "BehaviorTest.Policy.CuriosityReward.sum": {
            "value": 111.62157677859068,
            "min": 23.773699888261035,
            "max": 162.73344151303172,
            "count": 71
        },
        "BehaviorTest.Losses.PolicyLoss.mean": {
            "value": 0.02161756521317228,
            "min": 0.02161756521317228,
            "max": 0.028977806558476815,
            "count": 71
        },
        "BehaviorTest.Losses.PolicyLoss.sum": {
            "value": 0.06485269563951684,
            "min": 0.04436051918019075,
            "max": 0.08693341967543045,
            "count": 71
        },
        "BehaviorTest.Losses.ValueLoss.mean": {
            "value": 0.253618254719509,
            "min": 0.06306099779903888,
            "max": 0.3790685423546367,
            "count": 71
        },
        "BehaviorTest.Losses.ValueLoss.sum": {
            "value": 0.760854764158527,
            "min": 0.18918299339711667,
            "max": 1.1372056270639102,
            "count": 71
        },
        "BehaviorTest.Policy.LearningRate.mean": {
            "value": 8.462279179242663e-05,
            "min": 8.462279179242663e-05,
            "max": 0.00021041060986314,
            "count": 71
        },
        "BehaviorTest.Policy.LearningRate.sum": {
            "value": 0.0002538683753772799,
            "min": 0.00020939938020024995,
            "max": 0.00062661894112705,
            "count": 71
        },
        "BehaviorTest.Policy.Epsilon.mean": {
            "value": 0.12820757333333335,
            "min": 0.12820757333333335,
            "max": 0.17013686,
            "count": 71
        },
        "BehaviorTest.Policy.Epsilon.sum": {
            "value": 0.38462272000000003,
            "min": 0.26979975,
            "max": 0.50887295,
            "count": 71
        },
        "BehaviorTest.Policy.Beta.mean": {
            "value": 0.005648693909333333,
            "min": 0.005648693909333333,
            "max": 0.014030358313999998,
            "count": 71
        },
        "BehaviorTest.Policy.Beta.sum": {
            "value": 0.016946081728,
            "min": 0.013972970024999998,
            "max": 0.041783702705,
            "count": 71
        },
        "BehaviorTest.Losses.CuriosityForwardLoss.mean": {
            "value": 0.09846541451083289,
            "min": 0.05972717963159085,
            "max": 0.10934869849847423,
            "count": 71
        },
        "BehaviorTest.Losses.CuriosityForwardLoss.sum": {
            "value": 0.29539624353249866,
            "min": 0.15226634411762158,
            "max": 0.3280460954954227,
            "count": 71
        },
        "BehaviorTest.Losses.CuriosityInverseLoss.mean": {
            "value": 1.485701623890135,
            "min": 1.4038396292262607,
            "max": 1.7378717641035715,
            "count": 71
        },
        "BehaviorTest.Losses.CuriosityInverseLoss.sum": {
            "value": 4.457104871670405,
            "min": 2.9835302412509916,
            "max": 5.171525369087854,
            "count": 71
        },
        "BehaviorTest.IsTraining.mean": {
            "value": 1.0,
            "min": 1.0,
            "max": 1.0,
            "count": 71
        },
        "BehaviorTest.IsTraining.sum": {
            "value": 1.0,
            "min": 1.0,
            "max": 1.0,
            "count": 71
        }
    },
    "metadata": {
        "timer_format_version": "0.1.0",
        "start_time_seconds": "1732751491",
        "python_version": "3.10.1 (tags/v3.10.1:2cd268a, Dec  6 2021, 19:10:37) [MSC v.1929 64 bit (AMD64)]",
        "command_line_arguments": "C:\\Users\\roman\\Documents\\GitHub\\RLMLAgentsBachelorThesis\\venv\\Scripts\\mlagents-learn --torch-device cuda config/configTest.yaml --run-id=BehaviorTest --resume",
        "mlagents_version": "1.1.0",
        "mlagents_envs_version": "1.1.0",
        "communication_protocol_version": "1.5.0",
        "pytorch_version": "2.5.1+cu118",
        "numpy_version": "1.23.5",
        "end_time_seconds": "1732761496"
    },
    "total": 10004.722442400001,
    "count": 1,
    "self": 0.007897699950262904,