{
    "name": "root",
    "gauges": {
        "BehaviorTest.Policy.Entropy.mean": {
            "value": 2.165205240249634,
            "min": 2.1451528072357178,
            "max": 2.225733757019043,
            "count": 17
        },
        "BehaviorTest.Policy.Entropy.sum": {
            "value": 261903.21875,
            "min": 89352.1875,
            "max": 275756.8125,
            "count": 17
        },
        "BehaviorTest.Environment.EpisodeLength.mean": {
            "value": 571.2523364485982,
            "min": 59.48275862068966,
            "max": 628.0833333333334,
            "count": 17
        },
        "BehaviorTest.Environment.EpisodeLength.sum": {
            "value": 122248.0,
            "min": 3450.0,
            "max": 147116.0,
            "count": 17
        },
        "BehaviorTest.Environment.LessonNumber.my_environment_parameter.mean": {
            "value": 3.0,
            "min": 3.0,
            "max": 3.0,
            "count": 17
        },
        "BehaviorTest.Environment.LessonNumber.my_environment_parameter.sum": {
            "value": 3.0,
            "min": 3.0,
            "max": 3.0,
            "count": 17
        },
        "BehaviorTest.Self-play.ELO.mean": {
            "value": -788.9163092783604,
            "min": -788.9163092783604,
            "max": -681.1009751956226,
            "count": 17
        },
        "BehaviorTest.Self-play.ELO.sum": {
            "value": -51279.56010309343,
            "min": -63225.58396187058,
            "max": -19751.928280673055,
            "count": 17
        },
        "BehaviorTest.Step.mean": {
            "value": 7499952.0,
            "min": 6539995.0,
            "max": 7499952.0,
            "count": 17
        },
        "BehaviorTest.Step.sum": {
            "value": 7499952.0,
            "min": 6539995.0,
            "max": 7499952.0,
            "count": 17
        },
        "BehaviorTest.Policy.ExtrinsicValueEstimate.mean": {
            "value": -0.394388347864151,
            "min": -0.6818957924842834,
            "max": -0.15726503729820251,
            "count": 17
        },
        "BehaviorTest.Policy.ExtrinsicValueEstimate.sum": {
            "value": -391.2332458496094,
            "min": -511.39208984375,
            "max": -155.8496551513672,
            "count": 17
        },
        "BehaviorTest.Policy.CuriosityValueEstimate.mean": {
            "value": 0.31833672523498535,
            "min": 0.31833672523498535,
            "max": 0.43030914664268494,
            "count": 17
        },
        "BehaviorTest.Policy.CuriosityValueEstimate.sum": {
            "value": 315.7900390625,
            "min": 124.7896499633789,
            "max": 405.01641845703125,
            "count": 17
        },
        "BehaviorTest.Environment.CumulativeReward.mean": {
            "value": -2.1960397150931077,
            "min": -2.9869395719825067,
            "max": -1.240385789749341,
            "count": 17
        },
        "BehaviorTest.Environment.CumulativeReward.sum": {
            "value": -234.97624951496255,
            "min": -346.3635041199741,
            "max": -86.62124758749269,
            "count": 17
        },
        "BehaviorTest.Policy.ExtrinsicReward.mean": {
            "value": -2.1960397150931077,
            "min": -2.9869395719825067,
            "max": -1.240385789749341,
            "count": 17
        },
        "BehaviorTest.Policy.ExtrinsicReward.sum": {
            "value": -234.97624951496255,
            "min": -346.3635041199741,
            "max": -86.62124758749269,
            "count": 17
        },
        "BehaviorTest.Policy.CuriosityReward.mean": {
            "value": 1.7736299798566038,
            "min": 0.1324649010624351,
            "max": 2.2736607722758504,
            "count": 17
        },
        "BehaviorTest.Policy.CuriosityReward.sum": {
            "value": 189.7784078446566,
            "min": 3.8414821308106184,
            "max": 268.29197112855036,
            "count": 17
        },
        "BehaviorTest.Losses.PolicyLoss.mean": {
            "value": 0.06655376294480977,
            "min": 0.06570997294962717,
            "max": 0.07053525788557245,
            "count": 17
        },
        "BehaviorTest.Losses.PolicyLoss.sum": {
            "value": 1.8635053624546736,
            "min": 0.19718737839465916,
            "max": 2.045522478681601,
            "count": 17
        },
        "BehaviorTest.Losses.ValueLoss.mean": {
            "value": 0.06856738950279707,
            "min": 0.04363644370475667,
            "max": 0.12617967364248572,
            "count": 17
        },
        "BehaviorTest.Losses.ValueLoss.sum": {
            "value": 1.9198869060783181,
            "min": 0.37853902092745717,
            "max": 2.543491152763582,
            "count": 17
        },
        "BehaviorTest.Policy.LearningRate.mean": {
            "value": 7.589033113181928e-05,
            "min": 7.589033113181928e-05,
            "max": 0.00010403860532048666,
            "count": 17
        },
        "BehaviorTest.Policy.LearningRate.sum": {
            "value": 0.00212492927169094,
            "min": 0.00031211581596146,
            "max": 0.0028799534900161494,
            "count": 17
        },
        "BehaviorTest.Policy.Epsilon.mean": {
            "value": 0.12529675214285715,
            "min": 0.12529675214285715,
            "max": 0.13467951333333333,
            "count": 17
        },
        "BehaviorTest.Policy.Epsilon.sum": {
            "value": 3.5083090600000006,
            "min": 0.40403854,
            "max": 3.8599838500000003,
            "count": 17
        },
        "BehaviorTest.Policy.Beta.mean": {
            "value": 0.005066820753357143,
            "min": 0.005066820753357143,
            "max": 0.006942434715333334,
            "count": 17
        },
        "BehaviorTest.Policy.Beta.sum": {
            "value": 0.141870981094,
            "min": 0.020827304146,
            "max": 0.19219077161499998,
            "count": 17
        },
        "BehaviorTest.Losses.CuriosityForwardLoss.mean": {
            "value": 0.13224718802890947,
            "min": 0.1256326575551945,
            "max": 0.18470727301009018,
            "count": 17
        },
        "BehaviorTest.Losses.CuriosityForwardLoss.sum": {
            "value": 3.702921264809465,
            "min": 0.5541218190302706,
            "max": 4.426989433045696,
            "count": 17
        },
        "BehaviorTest.Losses.CuriosityInverseLoss.mean": {
            "value": 1.480629681476525,
            "min": 1.455863794697781,
            "max": 1.5833380285051772,
            "count": 17
        },
        "BehaviorTest.Losses.CuriosityInverseLoss.sum": {
            "value": 41.4576310813427,
            "min": 4.750014085515532,
            "max": 43.72332108523981,
            "count": 17
        },
        "BehaviorTest.IsTraining.mean": {
            "value": 1.0,
            "min": 1.0,
            "max": 1.0,
            "count": 17
        },
        "BehaviorTest.IsTraining.sum": {
            "value": 1.0,
            "min": 1.0,
            "max": 1.0,
            "count": 17
        }
    },
    "metadata": {
        "timer_format_version": "0.1.0",
        "start_time_seconds": "1732845425",
        "python_version": "3.10.1 (tags/v3.10.1:2cd268a, Dec  6 2021, 19:10:37) [MSC v.1929 64 bit (AMD64)]",
        "command_line_arguments": "C:\\Users\\roman\\Documents\\GitHub\\RLMLAgentsBachelorThesis\\venv\\Scripts\\mlagents-learn --torch-device cuda config/configTest.yaml --run-id=BehaviorTest --resume",
        "mlagents_version": "1.1.0",
        "mlagents_envs_version": "1.1.0",
        "communication_protocol_version": "1.5.0",
        "pytorch_version": "2.5.1+cu118",
        "numpy_version": "1.23.5",
        "end_time_seconds": "1732848203"
    },
    "total": 2777.952569000001,
    "count": 1,
    "self": 0.008025300005101599,