{
    "name": "root",
    "gauges": {
        "BehaviorTest.Policy.Entropy.mean": {
            "value": 1.6442060470581055,
            "min": 1.455756664276123,
            "max": 2.3242709636688232,
            "count": 83
        },
        "BehaviorTest.Policy.Entropy.sum": {
            "value": 195463.21875,
            "min": 175156.640625,
            "max": 281927.46875,
            "count": 83
        },
        "BehaviorTest.Environment.LessonNumber.my_environment_parameter.mean": {
            "value": 3.0,
            "min": 0.0,
            "max": 3.0,
            "count": 83
        },
        "BehaviorTest.Environment.LessonNumber.my_environment_parameter.sum": {
            "value": 3.0,
            "min": 0.0,
            "max": 3.0,
            "count": 83
        },
        "BehaviorTest.Environment.EpisodeLength.mean": {
            "value": 134.98663697104678,
            "min": 16.297896859694614,
            "max": 256.3198198198198,
            "count": 83
        },
        "BehaviorTest.Environment.EpisodeLength.sum": {
            "value": 121218.0,
            "min": 96160.0,
            "max": 130780.0,
            "count": 83
        },
        "BehaviorTest.Self-play.ELO.mean": {
            "value": 943.0525430354758,
            "min": 943.0525430354758,
            "max": 1231.821355775853,
            "count": 83
        },
        "BehaviorTest.Self-play.ELO.sum": {
            "value": 423430.59182292863,
            "min": 260683.12970868542,
            "max": 3854888.9583415934,
            "count": 83
        },
        "BehaviorTest.Step.mean": {
            "value": 4979948.0,
            "min": 59997.0,
            "max": 4979948.0,
            "count": 83
        },
        "BehaviorTest.Step.sum": {
            "value": 4979948.0,
            "min": 59997.0,
            "max": 4979948.0,
            "count": 83
        },
        "BehaviorTest.Policy.ExtrinsicValueEstimate.mean": {
            "value": 1.6796528100967407,
            "min": -5.2547783851623535,
            "max": 3.193288803100586,
            "count": 83
        },
        "BehaviorTest.Policy.ExtrinsicValueEstimate.sum": {
            "value": 1938.3193359375,
            "min": -15259.876953125,
            "max": 5400.638671875,
            "count": 83
        },
        "BehaviorTest.Environment.CumulativeReward.mean": {
            "value": 3.197187027032513,
            "min": -6.659129269654695,
            "max": 3.7963576488300412,
            "count": 83
        },
        "BehaviorTest.Environment.CumulativeReward.sum": {
            "value": 1435.5369751375983,
            "min": -23093.860307162482,
            "max": 5600.272075781715,
            "count": 83
        },
        "BehaviorTest.Policy.ExtrinsicReward.mean": {
            "value": 3.197187027032513,
            "min": -6.659129269654695,
            "max": 3.7963576488300412,
            "count": 83
        },
        "BehaviorTest.Policy.ExtrinsicReward.sum": {
            "value": 1435.5369751375983,
            "min": -23093.860307162482,
            "max": 5600.272075781715,
            "count": 83
        },
        "BehaviorTest.Losses.PolicyLoss.mean": {
            "value": 0.023962921851650915,
            "min": 0.021294351349287255,
            "max": 0.0285122317988377,
            "count": 83
        },
        "BehaviorTest.Losses.PolicyLoss.sum": {
            "value": 0.07188876555495274,
            "min": 0.04721831068454776,
            "max": 0.08235743938591136,
            "count": 83
        },
        "BehaviorTest.Losses.ValueLoss.mean": {
            "value": 2.5248053557342955,
            "min": 1.015725866291258,
            "max": 13.890682586034139,
            "count": 83
        },
        "BehaviorTest.Losses.ValueLoss.sum": {
            "value": 7.574416067202886,
            "min": 3.047177598873774,
            "max": 35.36708223025004,
            "count": 83
        },
        "BehaviorTest.Policy.LearningRate.mean": {
            "value": 3.0208989930666566e-06,
            "min": 3.0208989930666566e-06,
            "max": 0.00029814507061830996,
            "count": 83
        },
        "BehaviorTest.Policy.LearningRate.sum": {
            "value": 9.06269697919997e-06,
            "min": 9.06269697919997e-06,
            "max": 0.0008852050849316401,
            "count": 83
        },
        "BehaviorTest.Policy.Epsilon.mean": {
            "value": 0.10100693333333333,
            "min": 0.10100693333333333,
            "max": 0.19938169,
            "count": 83
        },
        "BehaviorTest.Policy.Epsilon.sum": {
            "value": 0.3030208,
            "min": 0.21639032000000002,
            "max": 0.59506836,
            "count": 83
        },
        "BehaviorTest.Policy.Beta.mean": {
            "value": 0.00021128597333333263,
            "min": 0.00021128597333333263,
            "max": 0.019876399830999997,
            "count": 83
        },
        "BehaviorTest.Policy.Beta.sum": {
            "value": 0.0006338579199999979,
            "min": 0.0006338579199999979,
            "max": 0.059014165164,
            "count": 83
        },
        "BehaviorTest.IsTraining.mean": {
            "value": 1.0,
            "min": 1.0,
            "max": 1.0,
            "count": 83
        },
        "BehaviorTest.IsTraining.sum": {
            "value": 1.0,
            "min": 1.0,
            "max": 1.0,
            "count": 83
        }
    },
    "metadata": {
        "timer_format_version": "0.1.0",
        "start_time_seconds": "1733334022",
        "python_version": "3.10.1 (tags/v3.10.1:2cd268a, Dec  6 2021, 19:10:37) [MSC v.1929 64 bit (AMD64)]",
        "command_line_arguments": "C:\\Users\\roman\\Documents\\GitHub\\RLMLAgentsBachelorThesis\\venv\\Scripts\\mlagents-learn --torch-device cuda config/RL.yaml --run-id=RL --force",
        "mlagents_version": "1.1.0",
        "mlagents_envs_version": "1.1.0",
        "communication_protocol_version": "1.5.0",
        "pytorch_version": "2.5.1+cu118",
        "numpy_version": "1.23.5",
        "end_time_seconds": "1733343868"
    },
    "total": 9846.0379586,
    "count": 1,
    "self": 0.009777500001291628,
    "children": {
        "run_training.setup": {
            "total": 0.12775449999935518,
            "count": 1,
            "self": 0.12775449999935518
        },
        "TrainerController.start_learning": {
            "total": 9845.9004266,
            "count": 1,
            "self": 3.4861655005752255,
            "children": {
                "TrainerController._reset_env": {
                    "total": 10.984133700001621,
                    "count": 10,
                    "self": 10.984133700001621
                },
                "TrainerController.advance": {
                    "total": 9831.331012099427,
                    "count": 107333,
                    "self": 3.6856873993983754,
                    "children": {
                        "env_step": {
                            "total": 8239.737875399927,
                            "count": 107333,
                            "self": 7603.190067300686,
                            "children": {
                                "SubprocessEnvManager._take_step": {
                                    "total": 635.2987237996076,
                                    "count": 107333,
                                    "self": 11.441246900150873,
                                    "children": {
                                        "TorchPolicy.evaluate": {
                                            "total": 623.8574768994567,
                                            "count": 125526,
                                            "self": 623.8574768994567
                                        }
                                    }
                                },
                                "workers": {
                                    "total": 1.249084299633978,